job;salary;id;city;year;age
Продавец;136462;1908111;Льейда;2021;54
Программист;112975;2368075;Хихон;2019;28
IT-специалист;167301;4175783;Подгорица;2002;49
Учитель;158873;8530084;Кишинев;2018;38
Водитель;120569;2031656;Виго;2020;24
Косметолог;100466;2091241;Кишинев;2020;49
Менеджер;98967;9160321;Авилес;2001;65
Психолог;26929;2440802;Сантьяго-де-Компостела;2008;43
Менеджер;56895;6610432;Махадаонда;2005;25
Косметолог;150143;9868551;Астана;2002;60
Оператор call-центра;120311;3320605;Бланес;2015;54
Косметолог;59717;5853827;Хихон;1999;45
Продавец;195133;7878890;Баку;2006;31
Менеджер;179081;3670908;Севилья;2022;32
Учитель;193362;8250283;Валенсия;2001;25
Бухгалтер;182240;2563981;Баку;2020;27
Водитель;114348;8319239;Навалькарнеро;2001;65
Строитель;193871;7190982;Пласенсия;2006;64
Врач;45493;9849800;Тарраса;2006;35
Продавец;117218;6360045;Варшава;2012;33
Врач;152569;5710137;Таллин;2005;62
Менеджер;65544;5016488;Бишкек;1999;22
IT-специалист;148831;8053215;Малага;2013;32
Врач;37206;9708184;Касерес;2008;48
Медсестра;130041;6025778;Таллин;2000;45
Водитель;137214;6605430;Тудела;2000;41
Косметолог;113228;3132422;Овьедо;2009;33
Программист;138196;8683051;Самора;2005;20
Менеджер;187575;4716264;Прага;2016;18
Бухгалтер;43021;8846134;Санхенхо;2002;30
IT-специалист;191800;1879287;Сьюдад-Реаль;2022;42
Программист;135478;9705233;Астана;2002;47
Бухгалтер;129108;7038445;Кордова;2021;31
Оператор call-центра;142491;9876805;Луго;2014;55
Медсестра;53603;4308975;Фигерас;2006;59
Медсестра;45954;7709681;Вильявисиоса;2004;27
Врач;64574;8391232;Мартоса;2021;45
Психолог;156109;6443260;Рига;2006;35
Водитель;140025;7283815;Санкт-Петербург;2001;57
Психолог;31202;7268256;Алькала-де-Энарес;2015;42
Врач;33966;2211420;Сантьяго-де-Компостела;2010;41
Водитель;173814;1554228;Санкт-Петербург;2011;33
IT-специалист;177264;8574276;Пласенсия;2012;33
Менеджер;122104;1204749;Загреб;2021;33
Продавец;169568;1315301;Алма-Ата;2017;22
Программист;143587;7008342;Сан-Себастьян;2013;52
Оператор call-центра;161726;7488391;Афины;2001;58
Программист;154456;3161014;Овьедо;2005;58
Косметолог;118142;7901703;Сараево;1999;47
Врач;127234;5654934;Хихон;2008;22
Врач;30037;3760247;Тудела;2022;57
Повар;35492;9866012;Сантьяго-де-Компостела;2003;39
Инженер;63440;9497762;Льейда;2011;65
Косметолог;26707;5899449;Прага;2018;38
Архитектор;188134;3155758;Астана;2005;46
Повар;64017;9211944;Белград;2007;33
Бухгалтер;94093;8087532;Камбадос;2015;21
Бухгалтер;34854;8867885;София;2011;32
Учитель;135782;2999705;Виго;2001;18
Оператор call-центра;160070;5152368;Валенсия;2014;45
Программист;51732;5499455;Льейда;2015;65
IT-специалист;190568;8714968;Кадакес;2021;45
Медсестра;101777;5129870;Валенсия;2011;49
Косметолог;152167;5799617;Осера;2012;36
Учитель;20407;7216161;Гранада;2014;26
Программист;140485;6576662;София;2010;44
Продавец;171311;2947980;Вильнюс;2006;30
Оператор call-центра;111738;9498954;Ереван;2004;57
Водитель;110800;5101154;Мерида;2008;34
Строитель;191513;7275884;Мадрид;2006;50
Повар;52541;7856271;Хихон;2016;36
Учитель;164619;7748407;Самора;2000;46
Продавец;146757;1045194;Сан-Себастьян;2022;63
Менеджер;145992;9213317;Бишкек;2006;42
Продавец;140602;3740029;Семана;2000;31
Врач;124112;5968938;Скопье;2021;18
Учитель;125291;3689691;Кишинев;2017;19
Программист;95297;4025957;Тудела;1999;38
Повар;195989;2952407;Тирана;2017;64
Водитель;120261;6749165;Прага;2009;59
Психолог;48538;3315686;Самора;2016;57
Учитель;148678;9324595;Гранада;2013;33
Повар;126704;6898614;София;2016;30
Оператор call-центра;179508;6374961;Мурсия;2004;57
Строитель;140848;2120365;Душанбе;2007;42
Психолог;90402;1379085;Аликанте;2015;30
Оператор call-центра;181073;6750509;Аликанте;1999;49
Менеджер;174152;1126655;Сараево;2000;59
Оператор call-центра;178197;4369154;Кадакес;2003;46
Учитель;83924;8944627;Кордова;2000;27
Продавец;29928;2670111;Санхенхо;2013;26
Учитель;109735;6623184;Краков;2008;47
Психолог;100702;1988310;Луго;2009;21
Косметолог;149427;5900977;Малага;2002;62
Психолог;150477;9796583;Тарраса;2009;65
Архитектор;81181;6389637;Тудела;2010;31
Учитель;160911;1087416;Эльче;2005;62
IT-специалист;47605;7191671;Льейда;2006;55
Косметолог;44366;8532400;София;2019;61
Менеджер;40197;2744386;Кадакес;2017;55
Врач;134424;5740834;Осера;1999;38
IT-специалист;38278;5765081;Трухильо;2018;34
Учитель;29347;3187501;Любляна;2004;49
Бухгалтер;156338;3781542;Бургос;2005;53
Архитектор;73222;8469734;Хихон;2011;19
Программист;95415;2361914;Ереван;2010;35
Учитель;33883;5950494;Семана;2001;36
Инженер;114168;6168534;Картахена;2000;32
Учитель;196655;1666930;Луарка;2000;38
Архитектор;122960;9280953;Сан-Себастьян;2000;35
Инженер;145019;2925107;Таллин;2009;61
Инженер;99476;2602402;Астана;2019;55
Учитель;91180;1586915;Таллин;2010;38
Строитель;56241;4862733;Навалькарнеро;2010;60
Менеджер;63836;3845887;Самора;2008;45
Программист;99923;1936087;Бильбао;2007;59
Психолог;174389;1638148;Подгорица;2012;20
Продавец;180893;9602143;Барселона;2002;41
Повар;30750;4256666;Сан-Себастьян;2010;62
Бухгалтер;36124;5754886;Вильявисиоса;2004;18
Бухгалтер;179211;9910722;Любляна;2016;37
Психолог;169047;7943081;Будапешт;2001;25
Инженер;54083;3782229;Севилья;2022;65
Инженер;188200;4824342;Мурсия;2015;48
Оператор call-центра;166422;3060909;Афины;2003;62
Косметолог;67567;5620061;Тарраса;2007;20
IT-специалист;87229;5955919;Гранада;2015;64
Оператор call-центра;49700;4875373;Тбилиси;2013;40
Архитектор;79754;3192509;Бильбао;2010;51
Учитель;172860;9453470;Махадаонда;2013;54
Менеджер;69200;7381327;Монсон;2004;42
Инженер;158291;1815153;Минск;2014;19
Водитель;101509;9058995;Хихон;2021;31
Косметолог;177125;4871254;Алма-Ата;2021;29
Продавец;95399;3954786;Сантьяго-де-Компостела;2000;63
Строитель;151105;4147917;Валенсия;2010;42
Оператор call-центра;163271;7496918;Таллин;2010;28
IT-специалист;164205;6428131;Сараево;2009;54
Косметолог;168197;2365467;Астана;2016;31
Психолог;143896;1036544;Белград;2009;20
Медсестра;164375;4014857;Сан-Себастьян;2007;40
Архитектор;169961;2657481;Авилес;2004;48
Водитель;154587;8874683;Краков;2013;41
Бухгалтер;178409;6936233;Монсон;1999;51
Бухгалтер;152080;4542345;Виго;2000;65
Архитектор;187041;7516945;Астана;2003;28
Менеджер;104562;9724732;Овьедо;2011;58
Учитель;33047;7657302;Санхенхо;1999;61
IT-специалист;76715;7785110;Осера;2007;54
Строитель;103201;8495213;Сьюдад-Реаль;2003;20
Архитектор;58411;6753080;Вильявисиоса;2000;32
Психолог;70058;3057812;Сараево;1999;52
Программист;94446;8682055;Тудела;2021;63
Строитель;32368;5346926;Ла-Корунья;2018;43
Бухгалтер;71108;4799380;Сьюдад-Реаль;2014;39
Менеджер;161286;6561089;Гранада;2021;47
Программист;84472;4879680;Осера;2006;26
Продавец;128812;2159283;Бишкек;2001;24
Инженер;175851;5130505;Трухильо;2018;41
Продавец;155366;3616414;Рига;2015;63
Учитель;74900;8258123;Алькала-де-Энарес;2010;61
Косметолог;20394;1088109;Бланес;2022;58
Медсестра;158204;6430475;Вильнюс;2022;65
Программист;174246;6714423;Картахена;2009;56
Архитектор;36691;6800811;Валенсия;2004;59
Инженер;38171;3779726;Монсон;2012;55
IT-специалист;100568;8565016;Мерида;2012;59
Менеджер;117541;7038624;Картахена;2003;46
Продавец;86314;1890080;Вильявисиоса;2009;51
Программист;105315;2762650;Фигерас;2004;21
Бухгалтер;101655;3146757;Бильбао;2015;50
Водитель;102704;3164232;Лас-Росас;2012;31
Учитель;138249;7814793;Ташкент;2014;51
Повар;71305;6516989;Семана;2010;60
Психолог;67770;7225464;Лас-Росас;2020;20
Медсестра;168898;3043066;Вальядолид;2002;47
Продавец;153729;8224136;Сараево;2009;43
Учитель;195049;3379357;Минск;2003;55
Менеджер;190253;7944790;Бургос;1999;27
Оператор call-центра;107139;9784702;Бургос;2013;55
Программист;42398;7381077;Луго;2010;27
Врач;35997;7592144;Хельсинки;2010;24
Программист;121886;1020564;Тудела;2008;21
Инженер;46679;2411427;София;2003;53
Оператор call-центра;37971;7021110;Тудела;2017;21
Инженер;123341;6168052;Артейхо;2008;23
Инженер;89026;1712630;Сараево;1999;47
Учитель;79085;9808130;Афины;2013;56
Продавец;131875;2060624;Осера;2003;35
Врач;154400;6728077;Вроцлав;2007;28
Косметолог;147733;3748621;Санхенхо;2015;48
Оператор call-центра;91372;9765159;Рига;2003;58
Учитель;149272;7840174;Мартоса;2012;21
Водитель;114917;4593487;Душанбе;2003;57
Врач;188081;2698571;Фигерас;2019;26
Медсестра;112539;1411655;Сеговия;2012;48
Архитектор;115822;3939347;Артейхо;2021;48
Менеджер;115177;2812857;Лас-Росас;2020;55
Менеджер;82718;3741847;Минск;2004;46
Учитель;134961;9915417;Луго;2004;24
IT-специалист;29699;3824675;Мадрид;2003;64
Водитель;24908;4749986;Алькала-де-Энарес;2008;57
Медсестра;87008;6926301;Таллин;2008;32
Медсестра;94906;2770478;Куэнка;2001;60
Инженер;77974;7504912;Тарраса;1999;48
Психолог;32275;1906430;Тбилиси;2019;46
Косметолог;179960;9682656;Монсон;2009;31
Архитектор;52532;2851291;Монсон;2017;43
Медсестра;118165;5127232;Ташкент;2021;20
Повар;136844;2055473;Камбадос;2015;34
Инженер;91776;9789468;Навалькарнеро;2010;40
Косметолог;145902;4953682;Мурсия;2022;48
Учитель;164030;1520201;Хихон;2010;52
Архитектор;168852;8891526;Ереван;2006;41
Инженер;177341;9826388;Скопье;2000;52
Повар;110530;7519488;Аликанте;2000;53
Инженер;39085;9717971;Таллин;2013;56
Оператор call-центра;123145;9504415;Хихон;2016;58
Оператор call-центра;123390;1251783;Санхенхо;2012;28
Косметолог;131560;5989784;Монсон;2021;63
Программист;34547;8063213;Семана;2003;21
Инженер;131643;3634061;Москва;2017;49
IT-специалист;78347;2425826;Трухильо;2020;40
IT-специалист;145011;3663075;Трухильо;2014;43
Программист;73922;7639880;Севилья;1999;42
Программист;100013;4672144;Касерес;2017;25
Бухгалтер;61061;8183644;Пласенсия;2007;59
IT-специалист;63776;6329473;Будапешт;2002;43
Менеджер;93842;1147157;Тирана;2005;26
Инженер;135862;2006517;Мадрид;2018;59
Строитель;110193;9751982;Краков;2002;49
Продавец;134140;3107040;Вильнюс;2018;29
Инженер;84010;3211849;Баку;2007;34
Инженер;185827;7998991;Луго;1999;45
Косметолог;42716;3018755;Санкт-Петербург;2015;41
Инженер;31684;1317990;Алма-Ата;2021;34
Программист;130139;1324394;Баку;2001;65
Строитель;68015;1683288;Бишкек;2009;30
Оператор call-центра;184100;1745771;Эль-Пуэрто-де-Санта-Мария;2001;64
IT-специалист;76357;8600666;Белград;2001;55
Продавец;80198;2497039;Вильявисиоса;2016;30
Водитель;191076;6470315;Сьюдад-Реаль;2021;22
Программист;44513;9338858;Минск;2006;45
Продавец;88916;6302300;Малага;2004;25
Врач;99227;7515800;Фигерас;2012;31
Программист;32605;7536628;Сараево;2009;22
IT-специалист;108393;5752735;Овьедо;2006;65
Врач;132033;1729091;София;2001;26
Повар;104324;5720066;Душанбе;2009;52
Инженер;57173;7739962;Касерес;2018;25
Продавец;185396;5829573;Барселона;2005;30
Бухгалтер;39687;7877089;Сория;2021;59
Косметолог;36360;2119511;Вильявисиоса;2018;64
Программист;45724;7889997;Мартоса;1999;45
IT-специалист;84110;9531236;Будапешт;2000;23
Бухгалтер;116911;4389753;Скопье;2004;56
Повар;177643;1252306;Махадаонда;2014;48
IT-специалист;87511;9833559;Вальядолид;2021;42
Косметолог;132081;9409798;Махадаонда;2017;53
Врач;86221;5057319;Санхенхо;2021;57
Программист;88980;4252771;Бильбао;2020;27
Бухгалтер;102534;8383628;Алма-Ата;2004;41
IT-специалист;53294;6068504;Мартоса;2008;35
Водитель;184864;2871865;Мурсия;2014;43
Психолог;134910;8193732;Монсон;2018;25
Медсестра;133015;6741485;Сан-Себастьян;2021;48
Инженер;135365;3782748;Сан-Себастьян;2004;35
IT-специалист;130225;6981299;Бланес;2005;65
IT-специалист;130674;1853124;Льейда;2016;28
Программист;175498;6824655;Хихон;2003;36
Медсестра;35686;9520391;Кишинев;2017;31
Врач;51699;5334931;Пласенсия;2014;64
Повар;28885;4162503;Барселона;2012;56
Косметолог;100772;5275428;Кишинев;2002;27
Архитектор;54129;5439879;Касерес;2019;59
Строитель;167715;6975828;Санхенхо;2001;30
Программист;64049;5748959;Касерес;2007;30
Врач;156542;5698429;Бланес;2015;33
Медсестра;110771;4802394;Навалькарнеро;2017;55
Врач;95096;3282988;Мартоса;2021;23
Программист;60799;9997178;Загреб;2022;44
Учитель;113110;9510354;Прага;2015;53
Психолог;148120;1264222;Алма-Ата;2004;39
Психолог;64936;7110549;Самора;2004;28
Врач;90919;2226374;Эль-Пуэрто-де-Санта-Мария;2014;26
Строитель;29441;7516184;Гранада;2011;61
Водитель;115822;9072843;Алькала-де-Энарес;2012;64
Архитектор;154167;1408153;Луго;2014;47
Инженер;134412;1613321;Санкт-Петербург;2009;25
Инженер;43682;5813826;Виго;2001;22
Продавец;44094;8199623;Виго;2000;40
Строитель;55665;7893288;Хихон;2021;58
Учитель;93266;2919436;Артейхо;2005;43
Строитель;86935;1633295;Астана;2016;48
Инженер;78840;2352524;Санкт-Петербург;2008;53
Оператор call-центра;199509;2343991;Сьюдад-Реаль;2004;65
Медсестра;67143;3312595;Махадаонда;2019;34
Строитель;46212;7744570;Артейхо;2012;25
Программист;101372;8916801;Бильбао;2008;64
Строитель;26526;7933429;Бильбао;2019;58
Психолог;135290;9195673;Минск;2000;19
Менеджер;37778;6927776;Астана;2022;41
Программист;169216;4260513;Сан-Себастьян;2009;19
Строитель;78519;3322125;Кишинев;2001;34
Архитектор;67319;6513717;Хихон;2005;36
Психолог;166399;9105807;Минск;2008;55
Косметолог;142679;1343895;Махадаонда;2016;64
Водитель;193496;7788531;Ташкент;2012;39
Медсестра;40295;8812181;Бургос;2002;33
Косметолог;110672;3600398;Хихон;2020;36
Продавец;115293;1905078;Лас-Росас;2016;65
Бухгалтер;191338;1532350;Хихон;2015;52
Медсестра;137804;9043101;Прага;2014;21
Оператор call-центра;144390;2272716;Ереван;2008;53
Инженер;103353;5559328;Лас-Росас;2018;54
Косметолог;135068;8949399;Мартоса;1999;65
Косметолог;72119;2874244;Душанбе;2006;51
Психолог;135623;2224326;Бильбао;2004;36
Инженер;83913;6460605;Москва;2020;33
Менеджер;179504;5199039;Сьюдад-Реаль;2019;41
Менеджер;116055;6651394;Вальядолид;1999;24
IT-специалист;141313;1620292;Луарка;2018;45
Учитель;98081;2903603;Овьедо;2009;22
Бухгалтер;169111;3326695;Астана;2021;30
Инженер;153467;4168640;Ла-Корунья;2001;58
Программист;36473;6563158;Мурсия;1999;37
Психолог;147373;7188565;Любляна;2020;65
Медсестра;146327;8629964;Афины;2016;23
Психолог;29411;2528312;Гранада;2015;47
Инженер;34596;9002012;Махадаонда;2007;24
Архитектор;42155;7942692;Куэнка;2000;44
IT-специалист;124240;2284510;Минск;2009;48
Инженер;122032;6639050;Эльче;2010;32
Бухгалтер;91236;3345398;Вильявисиоса;2010;33
Инженер;170058;3124782;Артейхо;2018;43
Строитель;59809;5429249;Ташкент;2007;21
Бухгалтер;109889;9848935;Тарраса;2016;64
Инженер;160174;6347896;Овьедо;2003;60
Менеджер;24264;7533962;Барселона;2022;58
Повар;130995;2565739;Ташкент;1999;49
Психолог;79329;6028788;Белград;2000;40
Медсестра;155240;5719434;Мартоса;2008;36
Менеджер;83102;6999348;Ереван;2022;33
Архитектор;64869;6884235;Тарраса;2002;39
Повар;155375;6720050;Тбилиси;2016;55
Врач;39853;4063388;Загреб;2015;18
Учитель;165248;9200092;Астана;2009;64
Инженер;34746;5282969;Куэнка;2022;60
IT-специалист;135630;7856560;Сан-Себастьян;2004;61
Продавец;135513;9913927;Варшава;1999;55
Программист;169736;3375584;Луарка;2019;62
Косметолог;98974;3483230;Сория;2016;54
Повар;108088;4490121;Луарка;2010;23
IT-специалист;103702;4677077;Кишинев;2017;40
Косметолог;130443;2316701;Москва;2015;35
Оператор call-центра;134074;4513527;Куэнка;2003;54
Учитель;172411;8716770;Минск;2004;53
Водитель;157764;5898025;Ташкент;2015;57
IT-специалист;22923;8311177;Камбадос;2003;41
IT-специалист;60051;5290393;Кадакес;2006;18
Косметолог;144164;9235226;Скопье;2004;38
Бухгалтер;81787;3260431;Кадакес;2012;43
Продавец;47812;8620266;Прага;2003;23
IT-специалист;150498;2032611;Бланес;2020;33
Строитель;188294;4340349;Касерес;2012;58
Инженер;64116;6457951;Сьюдад-Реаль;2020;41
Водитель;26334;8407086;Вильявисиоса;2014;47
Продавец;129203;8193157;Самора;2017;20
Медсестра;184080;7002315;Подгорица;2006;27
Косметолог;197669;7825362;Аликанте;2007;44
Программист;184086;4877038;Гранада;2012;19
Менеджер;45658;1270567;Семана;1999;59
Продавец;27024;4312740;Прага;2003;39
Психолог;35078;8779671;Хихон;2005;24
Врач;90784;3044395;Варшава;2018;39
Учитель;50828;1381100;Тбилиси;2021;62
Архитектор;139566;5617090;Артейхо;2004;55
IT-специалист;44086;4526675;Белград;2013;34
Повар;123098;6946399;Севилья;2013;46
Психолог;160417;3547157;Прага;2019;24
Строитель;93213;2468486;Эльче;2021;64
Строитель;146875;3167907;Краков;2002;57
Косметолог;117635;5987810;Мерида;2002;55
Косметолог;131566;9068384;Семана;2014;60
Учитель;92042;1974230;Прага;2007;24
Продавец;95160;3807020;София;2020;25
Продавец;197510;7634543;Семана;2006;25
Повар;77771;2001419;Барселона;2020;18
Оператор call-центра;39090;3983672;Сараево;2022;44
Повар;51781;8696538;Мартоса;2020;27
Учитель;195639;8306081;Гранада;1999;18
Психолог;124242;6383455;Алькала-де-Энарес;2020;49
Бухгалтер;91923;1301418;Любляна;2019;48
Водитель;97020;6064491;Сеговия;2009;45
Медсестра;69766;7151838;Таллин;2008;26
Оператор call-центра;57090;4089815;Ташкент;2002;38
IT-специалист;68334;5131013;Мурсия;2019;61
Инженер;44617;3705142;Астана;2005;44
IT-специалист;104148;1453694;Кордова;2013;61
Архитектор;74669;8354762;София;2007;54
Косметолог;146884;2903042;Тирана;2004;52
Инженер;155930;9150422;Эль-Пуэрто-де-Санта-Мария;2002;63
Строитель;156982;1624567;Скопье;2011;55
Психолог;110851;1196483;Махадаонда;2022;40
Инженер;97569;7076896;Скопье;2021;40
Врач;198664;4786700;Навалькарнеро;2015;63
Программист;34105;6716893;Таллин;2000;25
Психолог;56338;5152764;Алма-Ата;2012;49
Бухгалтер;75237;2032711;Сория;2009;60
Повар;38292;5816862;Гранада;2003;45
Оператор call-центра;54509;3491251;Овьедо;2022;35
Инженер;149128;2805738;Мерида;2001;40
Оператор call-центра;159479;9131869;Картахена;2014;33
Водитель;78091;5193207;Эль-Пуэрто-де-Санта-Мария;2014;50
Медсестра;24124;3735823;Рига;2001;27
Врач;155190;9306361;Астана;2018;21
Продавец;32004;2455064;Афины;2013;52
Оператор call-центра;153534;3993419;Ереван;2018;40
Бухгалтер;115213;4433259;Осера;2013;43
Продавец;191639;4881634;Луго;2010;31
Программист;174790;4066004;Бишкек;2003;26
Бухгалтер;158138;9307022;Кишинев;2021;60
Менеджер;77082;3548483;Мартоса;2022;65
Психолог;132976;9462147;Эль-Пуэрто-де-Санта-Мария;2018;55
Строитель;55925;4725559;Махадаонда;2005;29
Повар;97408;5740647;Санхенхо;2022;29
Строитель;162800;7831183;Виго;2006;45
IT-специалист;172081;5649009;Аликанте;2013;48
Психолог;47419;3575905;Москва;2015;31
Программист;35680;9592747;Краков;2020;60
Медсестра;36387;7993253;Рига;2012;54
Продавец;109023;1742263;Гранада;1999;42
Бухгалтер;152426;9440793;Санхенхо;2015;31
Оператор call-центра;76426;3125944;Луарка;2002;39
Продавец;121262;5464188;Артейхо;2004;57
Оператор call-центра;188095;1959586;Авилес;2005;54
Врач;102589;8397155;Рига;2015;62
Бухгалтер;99652;4921498;Трухильо;2021;65
Учитель;91798;5135955;Тирана;2021;38
Учитель;177489;2022538;Виго;1999;46
Архитектор;191638;5665008;Самора;2004;47
Инженер;112372;8731110;Бильбао;2013;31
Учитель;45948;6728255;Сантьяго-де-Компостела;2016;41
Учитель;143399;6323929;Бильбао;2016;59
Водитель;52047;2333984;Хихон;2013;43
Инженер;124167;1491783;Вроцлав;2019;18
Строитель;141493;5680094;Осера;2008;49
Врач;149697;4247649;Санхенхо;2004;63
Косметолог;26148;8322694;Тирана;2010;57
Косметолог;128820;3375912;Мурсия;2018;34
Врач;26945;2596530;Алма-Ата;2022;28
Строитель;62857;5289171;Виго;2013;62
IT-специалист;112029;5830077;Артейхо;2014;40
Оператор call-центра;132526;6899573;Картахена;2005;26
Продавец;136467;8582735;Осера;2017;60
Водитель;195763;6379641;Бильбао;2003;45
Косметолог;180641;2616478;Картахена;1999;33
Инженер;51827;2106415;Краков;2012;53
Инженер;94194;7569998;Мерида;2013;21
Бухгалтер;126872;9109511;Навалькарнеро;2020;57
Продавец;39241;5509567;Варшава;2013;27
Врач;55999;4153745;Душанбе;2022;37
Врач;99729;3776271;Вальядолид;2015;51
Менеджер;23588;5643860;Ла-Корунья;2004;27
Программист;119784;4301564;Барселона;2004;38
Программист;68635;8966869;Касерес;2004;54
Врач;131583;1210572;Рига;2020;21
Врач;52851;2709344;Тудела;2001;54
Бухгалтер;47338;1052208;Загреб;2011;43
Менеджер;73054;8331477;Ла-Корунья;2012;19
Учитель;177898;5065273;Малага;2022;37
Программист;175410;7256136;Сеговия;2006;44
Архитектор;145271;3742105;Малага;2019;20
Медсестра;134948;3278442;Навалькарнеро;2011;28
Психолог;188480;6401808;Махадаонда;2016;39
Оператор call-центра;136556;3296394;Барселона;2017;58
Оператор call-центра;51339;8915351;Белград;2010;39
Медсестра;60800;9279356;Осера;2019;40
Психолог;142201;6454420;Ереван;2012;28
Учитель;105323;4691619;Москва;2014;60
Строитель;155416;1043761;Вильнюс;2010;59
Продавец;84003;1164570;Тирана;2005;58
Менеджер;20915;2366378;Барселона;1999;27
Продавец;69177;6946577;Монсон;2009;46
Бухгалтер;54508;3906927;Краков;2008;38
Архитектор;50578;8499664;Будапешт;2012;56
IT-специалист;197623;2528834;Касерес;2019;26
Менеджер;172350;3003422;Сория;1999;40
Водитель;159465;1484479;Санкт-Петербург;2014;64
Программист;168471;7813487;Афины;2006;58
Продавец;90978;9042222;Сория;2003;18
Косметолог;69758;3814658;Луго;2001;64
Менеджер;123591;7297508;Кадакес;1999;61
Оператор call-центра;69456;2970747;Тарраса;2005;40
Водитель;161129;2201455;Мадрид;1999;51
Инженер;57533;9974959;Камбадос;2012;55
Медсестра;160971;9077200;София;2016;40
Медсестра;194024;4146474;Хельсинки;1999;24
Психолог;47592;5291052;Осера;2019;54
Инженер;161234;5319584;Астана;2019;42
Повар;150820;5497978;Гранада;2012;38
Строитель;64443;4619091;Пласенсия;2008;34
Водитель;29406;5733164;Касерес;2009;45
Оператор call-центра;66492;8809240;Бишкек;2008;40
Программист;105798;7957028;Тудела;2000;28
Строитель;144399;9612435;Эль-Пуэрто-де-Санта-Мария;2006;18
Повар;69499;8216992;Хельсинки;2016;18
Продавец;163549;9374455;Куэнка;2001;24
Программист;34220;7469833;Барселона;2016;18
IT-специалист;127035;6075009;Хихон;2001;57
Водитель;182323;1611165;Белград;2006;34
Психолог;52363;4194590;Сантьяго-де-Компостела;2014;21
Оператор call-центра;23251;5617962;Осера;2002;30
Инженер;59037;5280680;Бланес;2000;48
Медсестра;145177;4873641;Камбадос;2006;48
IT-специалист;108730;9274830;Семана;2010;30
Менеджер;97710;5156913;Алма-Ата;2005;28
Косметолог;129329;9496263;Льейда;2002;48
Строитель;118222;7135553;Ереван;2020;46
Повар;48023;7117751;Вильявисиоса;2006;44
Оператор call-центра;168699;2339960;Тбилиси;2010;41
Программист;158254;1740524;Душанбе;2006;59
Водитель;69131;9518382;Алькала-де-Энарес;2002;24
Психолог;82607;1713075;Алькала-де-Энарес;1999;55
Программист;173139;6072056;Бишкек;2022;35
Медсестра;181320;4959289;Вильявисиоса;2016;42
Бухгалтер;106536;5944472;Вильнюс;2000;25
Врач;33930;5272551;Мурсия;2009;58
Психолог;101669;1900077;Санкт-Петербург;2018;30
IT-специалист;145941;2391804;Астана;2018;20
Водитель;37758;5190404;Бильбао;2000;42
Менеджер;104181;4977815;Санхенхо;2017;33
Продавец;108564;4167994;Фигерас;2009;29
Медсестра;144862;6851397;Будапешт;2005;49
Программист;186984;7228865;Льейда;2003;41
Бухгалтер;167632;6385066;Сория;2005;63
Архитектор;194232;9637481;Эль-Пуэрто-де-Санта-Мария;2011;49
Врач;179674;7507371;Сан-Себастьян;2013;34
Косметолог;105647;7830601;Мерида;2007;27
Медсестра;101243;2311011;Тбилиси;2008;24
Психолог;194734;3180186;Скопье;2010;36
Врач;167534;9380437;Таллин;2017;31
Менеджер;144872;4170507;Камбадос;2018;63
IT-специалист;182519;3876964;Таллин;2010;24
Инженер;166265;7721026;Загреб;2003;49
Водитель;43374;8412734;Сараево;2000;26
Водитель;127723;6690194;Махадаонда;2012;27
Повар;179577;9459662;Рига;2021;56
Врач;78437;7298809;Малага;2014;60
Повар;152058;2158043;Сория;2002;59
Строитель;44053;2192470;Фигерас;2022;29
Строитель;132565;7578584;Льейда;2014;53
Строитель;51137;9079548;Мерида;2017;30
Медсестра;173781;6936807;Кордова;2012;63
IT-специалист;176295;6472632;Ла-Корунья;2015;41
IT-специалист;121081;1881776;Бургос;2003;30
Медсестра;45665;9475492;Краков;2006;36
Оператор call-центра;23474;2431772;Сеговия;2003;29
Повар;153649;1589308;Баку;2007;48
Менеджер;134213;1900011;Будапешт;2016;40
Бухгалтер;183765;8946264;Астана;2013;47
Менеджер;126846;3221809;Сория;2018;35
Программист;177229;9815375;Скопье;2008;20
Врач;146263;8104247;Бишкек;2000;54
Программист;178079;4416507;Тирана;2006;49
Продавец;175013;2886395;Кадакес;2019;37
Продавец;104951;3452853;Трухильо;2001;48
Строитель;94264;4439033;Вильнюс;2006;20
Косметолог;108771;2527575;Загреб;2004;28
Продавец;156105;8340235;Трухильо;2001;39
Медсестра;22500;6026367;Краков;2016;41
Учитель;161490;1676482;Таллин;1999;43
Оператор call-центра;155018;4203927;Сараево;2002;60
Косметолог;107744;6091711;Тарраса;2015;33
Бухгалтер;165066;8928274;Тирана;2010;44
IT-специалист;196006;6525246;Сан-Себастьян;2019;40
Учитель;107042;9065348;Афины;2018;50
Строитель;93031;5920986;Ереван;2019;22
Архитектор;56973;1679430;Сараево;2008;23
Повар;24044;4740986;Сория;2020;38
Оператор call-центра;74315;2643781;Навалькарнеро;2014;26
Психолог;69499;9023136;Ташкент;2008;22
Программист;54318;3209530;Кордова;2006;19
Повар;50584;9908109;Хельсинки;2008;38
Водитель;97875;2516893;Мерида;2018;36
Продавец;78739;6710764;Эль-Пуэрто-де-Санта-Мария;2000;35
Строитель;182376;8914536;Вальядолид;2011;31
Водитель;100677;5241573;Минск;2008;23
Менеджер;113330;8956022;Баку;2008;53
Медсестра;147048;3140916;Афины;2015;26
Оператор call-центра;57869;6078054;Варшава;2020;19
Медсестра;49138;6786069;Артейхо;2015;63
Менеджер;174429;4334440;Сеговия;2009;39
Архитектор;37899;3293671;Таллин;2002;18
Врач;109297;9199217;Сьюдад-Реаль;2013;28
Оператор call-центра;59095;6255794;Сан-Себастьян;2017;33
Программист;193830;9765959;Бургос;2001;57
IT-специалист;112851;3277539;Тбилиси;2020;51
Повар;134421;5182016;Ташкент;2015;34
Учитель;75298;8768998;Бургос;2016;21
Косметолог;67738;5246466;Эльче;2001;60
Водитель;178480;5446323;Хихон;2010;26
Продавец;165004;3820062;Алькала-де-Энарес;2014;26
Строитель;93834;8812505;Пласенсия;2011;55
IT-специалист;113169;2923967;Скопье;2019;53
Оператор call-центра;70476;7004019;Кишинев;2013;31
Учитель;99467;3667342;Куэнка;2013;39
Водитель;36376;5572307;Афины;2007;52
Медсестра;23213;6053849;Осера;2004;52
Архитектор;69090;8528299;Ташкент;2019;26
IT-специалист;167737;9484416;Сория;2009;25
Менеджер;154108;4665913;София;2008;47
Программист;101892;9090484;Алма-Ата;2002;34
Учитель;151892;4848269;Камбадос;2019;34
