,fullAddress,postcode,bathrooms,bedrooms,livingRooms,tenure,sale
0,"306 Marlyn Lodge, 2 Portsoken Street, London, E1 8RB",E1 8RB,1.0,1.0,1.0,Leasehold,496000.0
1,"Flat 1, White Rose Court, Widegate Street, London, E1 7ES",E1 7ES,2.0,2.0,1.0,Leasehold,651000.0
2,"Flat 4, White Rose Court, Widegate Street, London, E1 7ES",E1 7ES,1.0,1.0,1.0,Leasehold,567000.0
3,"Flat 5, White Rose Court, Widegate Street, London, E1 7ES",E1 7ES,1.0,2.0,1.0,Leasehold,611000.0
4,"458 Petticoat Square, London, E1 7EB",E1 7EB,1.0,2.0,1.0,Leasehold,505000.0
5,"9A Petticoat Tower, Petticoat Square, London, E1 7EE",E1 7EE,1.0,2.0,2.0,Leasehold,403000.0
6,"12A Petticoat Tower, Petticoat Square, London, E1 7EE",E1 7EE,1.0,2.0,1.0,Leasehold,446000.0
7,"13B Petticoat Tower, Petticoat Square, London, E1 7EE",E1 7EE,1.0,1.0,1.0,Leasehold,379000.0
8,"Flat 9, Arcadia Court, 45 Old Castle Street, London, E1 7NY",E1 7NY,1.0,1.0,1.0,Leasehold,395000.0
9,"Flat 11, Arcadia Court, 45 Old Castle Street, London, E1 7NY",E1 7NY,1.0,1.0,1.0,Leasehold,402000.0
10,"Flat 12, Arcadia Court, 45 Old Castle Street, London, E1 7NY",E1 7NY,1.0,1.0,1.0,Leasehold,450000.0
11,"Flat 14, Arcadia Court, 45 Old Castle Street, London, E1 7NY",E1 7NY,1.0,1.0,1.0,Leasehold,418000.0
12,"Flat 18, Arcadia Court, 45 Old Castle Street, London, E1 7NY",E1 7NY,1.0,1.0,1.0,Leasehold,402000.0
13,"Flat 28, Merchant House, 39 Goulston Street, London, E1 7TS",E1 7TS,1.0,1.0,1.0,Leasehold,406000.0
14,"Flat 12, Odeon Court, 5 Chicksand Street, London, E1 5LB",E1 5LB,1.0,2.0,1.0,Leasehold,505000.0
15,"Flat 15, Odeon Court, 5 Chicksand Street, London, E1 5LB",E1 5LB,1.0,2.0,1.0,Leasehold,575000.0
16,"Flat 18, Odeon Court, 5 Chicksand Street, London, E1 5LB",E1 5LB,1.0,2.0,1.0,Leasehold,554000.0
17,"Flat 19, Odeon Court, 5 Chicksand Street, London, E1 5LB",E1 5LB,1.0,2.0,1.0,Leasehold,586000.0
18,"Flat 5, Priory House, 32 Folgate Street, London, E1 6UJ",E1 6UJ,2.0,2.0,1.0,Leasehold,785000.0
19,"Flat 7, Vanburgh House, 40 Folgate Street, London, E1 6UL",E1 6UL,2.0,2.0,1.0,Leasehold,820000.0
20,"Flat 14, Vanburgh House, 40 Folgate Street, London, E1 6UL",E1 6UL,2.0,2.0,1.0,Leasehold,847000.0
21,"Flat 2, Linnell House, 50 Folgate Street, London, E1 6UP",E1 6UP,2.0,2.0,1.0,Leasehold,823000.0
22,"Flat 20, Linnell House, 50 Folgate Street, London, E1 6UP",E1 6UP,2.0,2.0,1.0,Leasehold,884000.0
23,"Flat 11, 54 Folgate Street, London, E1 6UN",E1 6UN,2.0,2.0,1.0,Leasehold,787000.0
24,"Flat 2, 4 Gunthorpe Street, London, E1 7RQ",E1 7RQ,2.0,2.0,1.0,Leasehold,656000.0
25,"Flat 24, Wentworth Dwellings, 3 New Goulston Street, London, E1 7PN",E1 7PN,1.0,2.0,1.0,Leasehold,602000.0
26,"Flat 34, Exchange Building, 132 Commercial Street, London, E1 6NG",E1 6NG,2.0,2.0,1.0,Leasehold,1247000.0
27,"Flat 85, Exchange Building, 132 Commercial Street, London, E1 6NQ",E1 6NQ,2.0,2.0,2.0,Leasehold,1245000.0
28,"Flat 94, Exchange Building, 132 Commercial Street, London, E1 6NQ",E1 6NQ,1.0,1.0,1.0,Leasehold,659000.0
29,"40 Hanbury Street, London, E1 5JL",E1 5JL,1.0,3.0,1.0,Freehold,893000.0
30,"4 Hopetown Street, London, E1 5LE",E1 5LE,1.0,1.0,1.0,Leasehold,368000.0
31,"36 Princelet Street, London, E1 5LP",E1 5LP,3.0,2.0,3.0,Freehold,2080000.0
32,"38 Princelet Street, London, E1 5LP",E1 5LP,2.0,5.0,1.0,Freehold,1531000.0
33,"Flat 15, Philip House, Heneage Street, London, E1 5LW",E1 5LW,1.0,2.0,1.0,Leasehold,511000.0
34,"Flat 2, Philip House, Heneage Street, London, E1 5LW",E1 5LW,1.0,2.0,1.0,Leasehold,478000.0
35,"Flat 6, Philip House, Heneage Street, London, E1 5LW",E1 5LW,1.0,1.0,1.0,Leasehold,499000.0
36,"Flat 7, Philip House, Heneage Street, London, E1 5LW",E1 5LW,1.0,2.0,1.0,Leasehold,479000.0
37,"18 Woodseer Street, London, E1 5HD",E1 5HD,2.0,3.0,2.0,Freehold,1522000.0
38,"21 Fournier Street, London, E1 6QE",E1 6QE,3.0,5.0,2.0,Freehold,3725000.0
39,"1 Wilkes Street, London, E1 6QF",E1 6QF,3.0,3.0,1.0,Freehold,3221000.0
40,"25 Wilkes Street, London, E1 6QF",E1 6QF,1.0,4.0,1.0,Freehold,3434000.0
41,"12 Princelet Street, London, E1 6QH",E1 6QH,2.0,4.0,3.0,Freehold,4150000.0
42,"34 Hanbury Street, London, E1 6QR",E1 6QR,3.0,4.0,2.0,Freehold,3602000.0
43,"Flat 24, The Cloisters, 145 Commercial Street, London, E1 6EB",E1 6EB,1.0,1.0,1.0,Leasehold,434000.0
44,"Flat 33, The Cloisters, 145 Commercial Street, London, E1 6EB",E1 6EB,1.0,1.0,1.0,Leasehold,429000.0
45,"Flat 1, Exchange Building, 132 Commercial Street, London, E1 6NG",E1 6NG,1.0,2.0,1.0,Leasehold,985000.0
46,"Flat 11, Carter House, Brune Street, London, E1 7NN",E1 7NN,2.0,3.0,1.0,Leasehold,517000.0
47,"Flat 54, Brune House, Bell Lane, London, E1 7NP",E1 7NP,1.0,2.0,1.0,Leasehold,461000.0
48,"Flat 63, Brune House, Bell Lane, London, E1 7NP",E1 7NP,1.0,2.0,1.0,Leasehold,435000.0
49,"Flat 91, Brune House, Bell Lane, London, E1 7NP",E1 7NP,1.0,2.0,1.0,Leasehold,452000.0
50,"Flat 1, Brune House, Bell Lane, London, E1 7NW",E1 7NW,1.0,2.0,1.0,Leasehold,505000.0
51,"Flat 11, Brunswick House, 2 New Goulston Street, London, E1 7PR",E1 7PR,1.0,2.0,1.0,Leasehold,385000.0
52,"Flat 25, Herbert House, Old Castle Street, London, E1 7TW",E1 7TW,1.0,2.0,1.0,Leasehold,417000.0
53,"Flat 65, Wentworth Dwellings, 3 New Goulston Street, London, E1 7PN",E1 7PN,1.0,1.0,1.0,Leasehold,354000.0
54,"Flat 5, Bernard House, Toynbee Street, London, E1 7NR",E1 7NR,1.0,2.0,1.0,Leasehold,592000.0
55,"Flat 21, Bernard House, Toynbee Street, London, E1 7NR",E1 7NR,2.0,3.0,1.0,Leasehold,632000.0
56,"Flat 16, Artisan House, 36 Middlesex Street, London, E1 7EY",E1 7EY,1.0,2.0,1.0,Leasehold,636000.0
57,"30 Elder Street, London, E1 6BT",E1 6BT,3.0,4.0,3.0,Freehold,2760000.0
58,"Flat 506, Naylor Building East, 15 Adler Street, London, E1 1HD",E1 1HD,1.0,2.0,1.0,Leasehold,579000.0
59,"Flat 78, 1 Prescot Street, London, E1 8RL",E1 8RL,1.0,1.0,1.0,Leasehold,492000.0
60,"Flat 92, 1 Prescot Street, London, E1 8RL",E1 8RL,1.0,2.0,1.0,Leasehold,847000.0
61,"Flat 126, 1 Prescot Street, London, E1 8RL",E1 8RL,2.0,3.0,1.0,Leasehold,848000.0
62,"Flat 133, 1 Prescot Street, London, E1 8RL",E1 8RL,2.0,3.0,1.0,Leasehold,1000000.0
63,"Flat 16, 1 Prescot Street, London, E1 8RJ",E1 8RJ,1.0,1.0,1.0,Leasehold,498000.0
64,"Flat 34, 1 Prescot Street, London, E1 8RJ",E1 8RJ,1.0,1.0,1.0,Leasehold,487000.0
65,"Flat 40, 1 Prescot Street, London, E1 8RJ",E1 8RJ,2.0,1.0,1.0,Leasehold,525000.0
66,"Flat 51, 1 Prescot Street, London, E1 8RJ",E1 8RJ,2.0,2.0,1.0,Leasehold,619000.0
67,"Flat 18, Bewley House, Bewley Street, London, E1 0BS",E1 0BS,1.0,2.0,1.0,Leasehold,391000.0
68,"10 Hawksmoor Mews, London, E1 0DG",E1 0DG,1.0,1.0,1.0,Freehold,617000.0
69,"39 Back Church Lane, London, E1 1LQ",E1 1LQ,1.0,1.0,1.0,Leasehold,501000.0
70,"73 Back Church Lane, London, E1 1LQ",E1 1LQ,1.0,1.0,1.0,Leasehold,480000.0
71,"75 Back Church Lane, London, E1 1LQ",E1 1LQ,2.0,3.0,1.0,Leasehold,834000.0
72,"Flat 2, Shadwell Gardens, Cable Street, London, E1 2QG",E1 2QG,1.0,4.0,1.0,Leasehold,419000.0
73,"Flat 42, Richard Neale House, Cornwall Street, London, E1 2QW",E1 2QW,1.0,2.0,1.0,Leasehold,344000.0
74,"Flat 27, Welstead House, Cannon Street Road, London, E1 2LJ",E1 2LJ,1.0,5.0,1.0,Leasehold,453000.0
75,"15 Swedenborg Gardens, London, E1 8HP",E1 8HP,2.0,3.0,1.0,Freehold,686000.0
76,"29 Crofts Street, London, E1 8LU",E1 8LU,1.0,1.0,1.0,Leasehold,382000.0
77,"Flat 17, Betts House, Betts Street, London, E1 8HN",E1 8HN,1.0,2.0,1.0,Leasehold,338000.0
78,"Flat 5, Stockholm House, Swedenborg Gardens, London, E1 8HR",E1 8HR,1.0,2.0,1.0,Leasehold,345000.0
79,"Flat 61, Stockholm House, Swedenborg Gardens, London, E1 8HR",E1 8HR,1.0,2.0,1.0,Leasehold,361000.0
80,"Flat 34, Noble Court, Cable Street, London, E1 8HS",E1 8HS,1.0,3.0,1.0,Leasehold,396000.0
81,"Flat 207, Beadnell Court, 78 Cable Street, London, E1 8GT",E1 8GT,1.0,3.0,1.0,Leasehold,422000.0
82,"Flat 203, Beadnell Court, 78 Cable Street, London, E1 8GT",E1 8GT,1.0,3.0,1.0,Leasehold,414000.0
83,"Flat 72, Shearsmith House, Hindmarsh Close, London, E1 8HU",E1 8HU,1.0,2.0,1.0,Leasehold,303000.0
84,"Flat 99, Shearsmith House, Hindmarsh Close, London, E1 8HU",E1 8HU,1.0,2.0,1.0,Leasehold,330000.0
85,"Flat 23, George Leybourne House, Fletcher Street, London, E1 8HW",E1 8HW,1.0,1.0,1.0,Leasehold,433000.0
86,"Flat 29, Hatton House, Hindmarsh Close, London, E1 8JH",E1 8JH,1.0,2.0,1.0,Leasehold,280000.0
87,"13 Bowmans Mews, London, E1 8RY",E1 8RY,1.0,2.0,1.0,Leasehold,704000.0
88,"17 Bowmans Mews, London, E1 8RY",E1 8RY,1.0,1.0,1.0,Leasehold,479000.0
89,"24 Bowmans Mews, London, E1 8RY",E1 8RY,1.0,1.0,1.0,Leasehold,399000.0
90,"22 Conant Mews, London, E1 8RZ",E1 8RZ,1.0,1.0,1.0,Feudal,494000.0
91,"Flat 17, Victoria Court, Cartwright Street, London, E1 8LZ",E1 8LZ,1.0,3.0,1.0,Leasehold,621000.0
92,"Flat 28, Royal Tower Lodge, 40 Cartwright Street, London, E1 8LX",E1 8LX,2.0,2.0,1.0,Leasehold,578000.0
93,"Flat 17, 6 Durward Street, London, E1 5BA",E1 5BA,1.0,2.0,2.0,Leasehold,604000.0
94,"Apartment 6, Skyline Plaza Building, 80 Commercial Road, London, E1 1NY",E1 1NY,1.0,2.0,1.0,Leasehold,476000.0
95,"Apartment 20, Skyline Plaza Building, 80 Commercial Road, London, E1 1NY",E1 1NY,1.0,2.0,1.0,Leasehold,410000.0
96,"Apartment 23, Skyline Plaza Building, 80 Commercial Road, London, E1 1NY",E1 1NY,1.0,1.0,1.0,Leasehold,402000.0
97,"Apartment 32, Skyline Plaza Building, 80 Commercial Road, London, E1 1NY",E1 1NY,2.0,2.0,1.0,Leasehold,485000.0
98,"Apartment 81, Skyline Plaza Building, 80 Commercial Road, London, E1 1NZ",E1 1NZ,1.0,1.0,1.0,Leasehold,372000.0
99,"Apartment 114, Skyline Plaza Building, 80 Commercial Road, London, E1 1NZ",E1 1NZ,1.0,1.0,1.0,Leasehold,436000.0
100,"42 Myrdle Street, London, E1 1EU",E1 1EU,2.0,2.0,1.0,Freehold,1127000.0
101,"20 Forbes Street, London, E1 1PF",E1 1PF,1.0,3.0,2.0,Freehold,825000.0
102,"Flat 6, Everard House, Boyd Street, London, E1 1LY",E1 1LY,2.0,2.0,1.0,Leasehold,389000.0
103,"Flat 3, Hadfield House, Ellen Street, London, E1 1PB",E1 1PB,1.0,1.0,1.0,Leasehold,324000.0
104,"Flat 9, Hadfield House, Ellen Street, London, E1 1PB",E1 1PB,1.0,3.0,1.0,Leasehold,414000.0
105,"Flat 33, Delafield House, Christian Street, London, E1 1QB",E1 1QB,1.0,1.0,1.0,Leasehold,279000.0
106,"Flat 36, Delafield House, Christian Street, London, E1 1QB",E1 1QB,1.0,2.0,1.0,Leasehold,297000.0
107,"Flat 56, Delafield House, Christian Street, London, E1 1QD",E1 1QD,1.0,1.0,1.0,Leasehold,303000.0
108,"Flat 14, Drewett House, Christian Street, London, E1 1RT",E1 1RT,1.0,3.0,1.0,Leasehold,408000.0
109,"Flat 4, Drewett House, Christian Street, London, E1 1RT",E1 1RT,1.0,3.0,1.0,Leasehold,409000.0
110,"Flat 20, Batson House, Fairclough Street, London, E1 1RY",E1 1RY,1.0,2.0,1.0,Leasehold,364000.0
111,"Flat 9, Batson House, Fairclough Street, London, E1 1RY",E1 1RY,1.0,2.0,2.0,Leasehold,381000.0
112,"81 Back Church Lane, London, E1 1LQ",E1 1LQ,2.0,3.0,1.0,Leasehold,820000.0
113,"Flat 4, Bernhard Baron House, 71 Henriques Street, London, E1 1LZ",E1 1LZ,1.0,1.0,1.0,Leasehold,370000.0
114,"Flat 7, Bernhard Baron House, 71 Henriques Street, London, E1 1LZ",E1 1LZ,1.0,1.0,1.0,Leasehold,317000.0
115,"Flat 17, 129 Back Church Lane, London, E1 1LS",E1 1LS,1.0,1.0,1.0,Leasehold,498000.0
116,"Flat 26, 129 Back Church Lane, London, E1 1LS",E1 1LS,1.0,2.0,1.0,Leasehold,516000.0
117,"2 Albion Yard, London, E1 1BW",E1 1BW,1.0,1.0,1.0,Leasehold,406000.0
118,"14 Albion Yard, London, E1 1BW",E1 1BW,1.0,1.0,1.0,Leasehold,473000.0
119,"27 Albion Yard, London, E1 1BW",E1 1BW,1.0,2.0,1.0,Leasehold,488000.0
120,"31 Albion Yard, London, E1 1BW",E1 1BW,2.0,2.0,1.0,Leasehold,563000.0
121,"35 Albion Yard, London, E1 1BW",E1 1BW,1.0,2.0,1.0,Leasehold,495000.0
122,"38 Albion Yard, London, E1 1BW",E1 1BW,1.0,1.0,1.0,Leasehold,437000.0
123,"23 Varden Street, London, E1 2AW",E1 2AW,2.0,3.0,2.0,Freehold,1485000.0
124,"20 Chapman Street, London, E1 2NN",E1 2NN,1.0,3.0,1.0,Leasehold,370000.0
125,"Flat 6, Gwynne House, Turner Street, London, E1 2AG",E1 2AG,1.0,2.0,1.0,Leasehold,394000.0
126,"Flat 14, Tylney House, Nelson Street, London, E1 2DU",E1 2DU,1.0,1.0,1.0,Leasehold,233000.0
127,"Flat 6, Tylney House, Nelson Street, London, E1 2DU",E1 2DU,1.0,2.0,1.0,Leasehold,360000.0
128,"Flat 14, Damien Court, Damien Street, London, E1 2HL",E1 2HL,1.0,2.0,1.0,Leasehold,421000.0
129,"Flat 26, Damien Court, Damien Street, London, E1 2HL",E1 2HL,1.0,2.0,1.0,Leasehold,405000.0
130,"Flat 8, Damien Court, Damien Street, London, E1 2HL",E1 2HL,1.0,2.0,1.0,Leasehold,392000.0
131,"Flat 66, Norton House, Bigland Street, London, E1 2PL",E1 2PL,1.0,2.0,1.0,Leasehold,342000.0
132,"Flat 1, Wilton Court, Cavell Street, London, E1 2BN",E1 2BN,1.0,3.0,1.0,Leasehold,509000.0
133,"Flat 12, Wilton Court, Cavell Street, London, E1 2BN",E1 2BN,1.0,2.0,1.0,Leasehold,449000.0
134,"Flat 5, Elan Court, 36 Newark Street, London, E1 2AA",E1 2AA,1.0,1.0,1.0,Leasehold,381000.0
135,"Flat 10, Elan Court, 36 Newark Street, London, E1 2AA",E1 2AA,1.0,1.0,1.0,Leasehold,380000.0
136,"16 Deal Street, London, E1 5AH",E1 5AH,1.0,1.0,1.0,Leasehold,420000.0
137,"20 Deal Street, London, E1 5AH",E1 5AH,3.0,1.0,1.0,Leasehold,445000.0
138,"133 Woodseer Street, London, E1 5HG",E1 5HG,1.0,1.0,1.0,Leasehold,415000.0
139,"190 Woodseer Street, London, E1 5HQ",E1 5HQ,1.0,3.0,1.0,Freehold,792000.0
140,"239 Hanbury Street, London, E1 5JY",E1 5JY,1.0,3.0,1.0,Leasehold,489000.0
141,"Flat 36, Mcglashon House, Hunton Street, London, E1 5EZ",E1 5EZ,1.0,3.0,1.0,Leasehold,533000.0
142,"Flat 40, Arthur Deakin House, Hunton Street, London, E1 5HF",E1 5HF,1.0,3.0,1.0,Leasehold,457000.0
143,"Flat 20, Hanbury House, Hanbury Street, London, E1 5JD",E1 5JD,1.0,4.0,1.0,Leasehold,573000.0
144,"Flat 10, Vollasky House, Daplyn Street, London, E1 5JE",E1 5JE,1.0,3.0,1.0,Leasehold,512000.0
145,"Flat 8, Ramar House, 3A Hanbury Street, London, E1 5JH",E1 5JH,1.0,1.0,1.0,Leasehold,349000.0
146,"Flat 11, Kingward House, Hanbury Street, London, E1 5JR",E1 5JR,1.0,3.0,1.0,Leasehold,494000.0
147,"Flat 61, Chicksand House, Chicksand Street, London, E1 5LH",E1 5LH,1.0,5.0,1.0,Leasehold,446000.0
148,"168 Old Montague Street, London, E1 5NA",E1 5NA,2.0,3.0,1.0,Freehold,724000.0
149,"Flat 11, Greatorex House, Greatorex Street, London, E1 5NS",E1 5NS,1.0,3.0,1.0,Leasehold,472000.0
150,"Flat 14, Greatorex House, Greatorex Street, London, E1 5NS",E1 5NS,1.0,3.0,1.0,Leasehold,437000.0
151,"Flat 18, Evelyn House, Greatorex Street, London, E1 5NW",E1 5NW,1.0,2.0,1.0,Leasehold,385000.0
152,"Flat 20, Evelyn House, Greatorex Street, London, E1 5NW",E1 5NW,1.0,2.0,1.0,Leasehold,556000.0
153,"Flat 26, Evelyn House, Greatorex Street, London, E1 5NW",E1 5NW,1.0,2.0,1.0,Leasehold,398000.0
154,"Flat 50, Pauline House, Old Montague Street, London, E1 5NX",E1 5NX,1.0,2.0,1.0,Leasehold,299000.0
155,"24D Deal Street, London, E1 5AH",E1 5AH,3.0,4.0,1.0,Freehold,652000.0
156,"Flat 35, Hughes Mansions, Vallance Road, London, E1 5BH",E1 5BH,1.0,1.0,1.0,Leasehold,319000.0
157,"Flat 38, Hughes Mansions, Vallance Road, London, E1 5BH",E1 5BH,1.0,2.0,1.0,Leasehold,401000.0
158,"Flat 43, Hughes Mansions, Vallance Road, London, E1 5BH",E1 5BH,1.0,3.0,1.0,Leasehold,394000.0
159,"Flat 6, Treves House, Vallance Road, London, E1 5BQ",E1 5BQ,2.0,3.0,1.0,Leasehold,433000.0
160,"Flat 3, Tyler House, Brady Street, London, E1 5DP",E1 5DP,1.0,2.0,1.0,Leasehold,377000.0
161,"Flat 29, Pellew House, Somerford Street, London, E1 5DX",E1 5DX,1.0,3.0,1.0,Leasehold,412000.0
162,"Flat 45, Bullen House, Collingwood Street, London, E1 5DY",E1 5DY,1.0,1.0,1.0,Leasehold,296000.0
163,"Flat 14, Steeple Court, Coventry Road, London, E1 5QZ",E1 5QZ,1.0,2.0,1.0,Leasehold,650000.0
164,"Flat 38, Collingwood House, Darling Row, London, E1 5RR",E1 5RR,1.0,3.0,1.0,Leasehold,427000.0
165,"Flat 55, Eagle House, Headlam Street, London, E1 5RU",E1 5RU,1.0,3.0,1.0,Leasehold,440000.0
166,"Flat 14, Orion House, Coventry Road, London, E1 5RX",E1 5RX,2.0,2.0,1.0,Leasehold,277000.0
167,"Flat 51, Orion House, Coventry Road, London, E1 5RY",E1 5RY,1.0,3.0,1.0,Leasehold,299000.0
168,"Flat 21, Sovereign House, Cambridge Heath Road, London, E1 5RZ",E1 5RZ,2.0,4.0,1.0,Leasehold,405000.0
169,"5 Bartholomew Square, London, E1 5PH",E1 5PH,1.0,2.0,1.0,Leasehold,480000.0
170,"Flat 21, Fremantle House, Somerford Street, London, E1 5DU",E1 5DU,1.0,2.0,1.0,Leasehold,397000.0
171,"300 Cable Street, London, E1 0AE",E1 0AE,1.0,2.0,1.0,Leasehold,380000.0
172,"318 Cable Street, London, E1 0AE",E1 0AE,1.0,2.0,1.0,Leasehold,415000.0
173,"362 Cable Street, London, E1 0AE",E1 0AE,1.0,2.0,1.0,Leasehold,438000.0
174,"16 Tarbert Walk, London, E1 0ED",E1 0ED,1.0,3.0,1.0,Leasehold,482000.0
175,"Flat 16, Coburg Dwellings, Hardinge Street, London, E1 0DZ",E1 0DZ,1.0,2.0,1.0,Leasehold,388000.0
176,"Flat 3, Coburg Dwellings, Hardinge Street, London, E1 0DZ",E1 0DZ,1.0,2.0,1.0,Leasehold,387000.0
177,"Flat 30, Ring House, Sage Street, London, E1 0BZ",E1 0BZ,1.0,2.0,1.0,Leasehold,337000.0
178,"Flat 8, Ring House, Sage Street, London, E1 0BY",E1 0BY,1.0,2.0,1.0,Leasehold,333000.0
179,"Flat 108, Shadwell Gardens, Cable Street, London, E1 2QJ",E1 2QJ,1.0,2.0,1.0,Leasehold,332000.0
180,"Flat 83, Cressy Houses, Hannibal Road, London, E1 3JF",E1 3JF,1.0,1.0,1.0,Leasehold,314000.0
181,"Flat 25, Temple Court, 52 Rectory Square, London, E1 3NU",E1 3NU,1.0,2.0,1.0,Leasehold,480000.0
182,"Flat 3, Tottan Terrace, Belgrave Street, London, E1 0NX",E1 0NX,1.0,2.0,1.0,Leasehold,340000.0
183,"5 Ashfield Yard, London, E1 3DY",E1 3DY,1.0,2.0,1.0,Leasehold,862000.0
184,"32 Devonport Street, London, E1 0EA",E1 0EA,1.0,3.0,1.0,Leasehold,425000.0
185,"7 Stepney Causeway, London, E1 0JW",E1 0JW,1.0,3.0,1.0,Leasehold,447000.0
186,"17 Lipton Road, London, E1 0LJ",E1 0LJ,1.0,2.0,1.0,Leasehold,326000.0
187,"21 Lipton Road, London, E1 0LJ",E1 0LJ,2.0,5.0,1.0,Leasehold,453000.0
188,"36 Lipton Road, London, E1 0LJ",E1 0LJ,1.0,2.0,1.0,Leasehold,362000.0
189,"58 Lipton Road, London, E1 0LJ",E1 0LJ,1.0,2.0,1.0,Leasehold,339000.0
190,"43 Havering Street, London, E1 0LP",E1 0LP,2.0,3.0,1.0,Freehold,859000.0
191,"19 Bromley Street, London, E1 0NB",E1 0NB,1.0,2.0,1.0,Freehold,823000.0
192,"9 Jamaica Street, London, E1 0PD",E1 0PD,1.0,2.0,1.0,Leasehold,369000.0
193,"69 Musbury Street, London, E1 0PL",E1 0PL,1.0,3.0,1.0,Leasehold,461000.0
194,"50 Arbour Square, London, E1 0PS",E1 0PS,1.0,3.0,1.0,Leasehold,730000.0
195,"1 Senrab Street, London, E1 0QE",E1 0QE,1.0,3.0,1.0,Freehold,816000.0
196,"11 Senrab Street, London, E1 0QE",E1 0QE,2.0,2.0,2.0,Freehold,904000.0
197,"17 Senrab Street, London, E1 0QE",E1 0QE,2.0,3.0,1.0,Freehold,859000.0
198,"21 Senrab Street, London, E1 0QE",E1 0QE,2.0,3.0,1.0,Freehold,814000.0
199,"52 Senrab Street, London, E1 0QF",E1 0QF,2.0,4.0,2.0,Freehold,997000.0
200,"63 Clearbrook Way, London, E1 0SD",E1 0SD,2.0,4.0,1.0,Leasehold,404000.0
201,"68 Clearbrook Way, London, E1 0SD",E1 0SD,1.0,2.0,1.0,Leasehold,411000.0
202,"1 Arbour Square, London, E1 0SH",E1 0SH,1.0,3.0,1.0,Freehold,966000.0
203,"Flat 8, Masters Lodge, Johnson Street, London, E1 0BE",E1 0BE,2.0,3.0,1.0,Leasehold,672000.0
204,"Flat 3, Billing House, Bower Street, London, E1 0LD",E1 0LD,1.0,3.0,1.0,Leasehold,408000.0
205,"Flat 10, Arbour House, Arbour Square, London, E1 0PP",E1 0PP,1.0,2.0,1.0,Leasehold,399000.0
206,"27 West Arbour Street, London, E1 0PQ",E1 0PQ,1.0,4.0,1.0,Freehold,815000.0
207,"9 West Arbour Street, London, E1 0PQ",E1 0PQ,1.0,4.0,1.0,Freehold,716000.0
208,"6 East Arbour Street, London, E1 0PU",E1 0PU,1.0,2.0,2.0,Freehold,794000.0
209,"2 Old Church Road, London, E1 0QA",E1 0QA,1.0,3.0,1.0,Leasehold,412000.0
210,"11 Seagrave Close, London, E1 0QJ",E1 0QJ,1.0,3.0,1.0,Leasehold,407000.0
211,"14 Seagrave Close, London, E1 0QJ",E1 0QJ,1.0,5.0,2.0,Leasehold,487000.0
212,"23 Seagrave Close, London, E1 0QJ",E1 0QJ,1.0,3.0,1.0,Leasehold,404000.0
213,"48 Seagrave Close, London, E1 0QL",E1 0QL,1.0,2.0,1.0,Leasehold,359000.0
214,"61 Seagrave Close, London, E1 0QL",E1 0QL,1.0,2.0,1.0,Leasehold,353000.0
215,"Flat 78, Burley House, Walter Terrace, London, E1 0RG",E1 0RG,2.0,3.0,1.0,Leasehold,422000.0
216,"Flat 23, Burley House, Walter Terrace, London, E1 0RG",E1 0RG,1.0,2.0,1.0,Leasehold,407000.0
217,"Flat 32, Burley House, Walter Terrace, London, E1 0RG",E1 0RG,1.0,2.0,1.0,Leasehold,395000.0
218,"Flat 4, Edward Mann Close West, Pitsea Street, London, E1 0JR",E1 0JR,1.0,4.0,1.0,Leasehold,552000.0
219,"Flat 11, Edward Mann Close East, Caroline Street, London, E1 0JS",E1 0JS,1.0,1.0,1.0,Leasehold,277000.0
220,"12 Musbury Street, London, E1 0PJ",E1 0PJ,1.0,2.0,1.0,Leasehold,391000.0
221,"45 Musbury Street, London, E1 0PJ",E1 0PJ,1.0,2.0,1.0,Leasehold,348000.0
222,"Flat 16, Farrell House, 10 Ronald Street, London, E1 0DU",E1 0DU,1.0,2.0,1.0,Leasehold,341000.0
223,"Flat 14, Rochelle Court, Commercial Road, London, E1 0HF",E1 0HF,1.0,1.0,1.0,Leasehold,358000.0
224,"22 Newbold Cottages, Sidney Street, London, E1 2HJ",E1 2HJ,2.0,3.0,1.0,Freehold,763000.0
225,"52 Redmans Road, London, E1 3AQ",E1 3AQ,2.0,3.0,1.0,Leasehold,486000.0
226,"62 Redmans Road, London, E1 3AQ",E1 3AQ,1.0,3.0,1.0,Leasehold,433000.0
227,"78 O'Leary Square, London, E1 3AS",E1 3AS,2.0,4.0,1.0,Leasehold,552000.0
228,"89 Redmans Road, London, E1 3DB",E1 3DB,1.0,3.0,1.0,Leasehold,441000.0
229,"194 Stepney Way, London, E1 3ED",E1 3ED,2.0,3.0,1.0,Leasehold,476000.0
230,"98 Clark Street, London, E1 3HB",E1 3HB,1.0,2.0,1.0,Leasehold,389000.0
231,"367 Jamaica Street, London, E1 3HU",E1 3HU,1.0,4.0,1.0,Leasehold,478000.0
232,"371 Jamaica Street, London, E1 3HU",E1 3HU,1.0,3.0,1.0,Leasehold,442000.0
233,"26 Hannibal Road, London, E1 3JD",E1 3JD,2.0,4.0,1.0,Freehold,890000.0
234,"116 Stepney Green, London, E1 3JJ",E1 3JJ,1.0,3.0,1.0,Leasehold,451000.0
235,"128 Stepney Green, London, E1 3JJ",E1 3JJ,1.0,3.0,1.0,Leasehold,447000.0
236,"47 Rectory Square, London, E1 3NG",E1 3NG,1.0,3.0,1.0,Freehold,781000.0
237,"48 Rectory Square, London, E1 3NG",E1 3NG,1.0,3.0,1.0,Freehold,767000.0
238,"28 Rectory Square, London, E1 3NQ",E1 3NQ,1.0,3.0,1.0,Freehold,838000.0
239,"30 Rectory Square, London, E1 3NQ",E1 3NQ,1.0,3.0,1.0,Freehold,775000.0
240,"Flat 33, Dron House, Adelina Grove, London, E1 3AA",E1 3AA,1.0,2.0,2.0,Leasehold,456000.0
241,"Flat 40, Dron House, Adelina Grove, London, E1 3AA",E1 3AA,1.0,3.0,1.0,Leasehold,573000.0
242,"Flat 41, Dron House, Adelina Grove, London, E1 3AA",E1 3AA,1.0,2.0,1.0,Leasehold,474000.0
243,"Flat 58, Dron House, Adelina Grove, London, E1 3AB",E1 3AB,1.0,1.0,1.0,Leasehold,328000.0
244,"Flat 2, Lindley House, Lindley Street, London, E1 3AU",E1 3AU,1.0,2.0,1.0,Leasehold,412000.0
245,"Flat 5, Addis House, Lindley Street, London, E1 3AY",E1 3AY,1.0,2.0,1.0,Leasehold,404000.0
246,"Flat 8, Addis House, Lindley Street, London, E1 3AY",E1 3AY,1.0,2.0,1.0,Leasehold,408000.0
247,"Flat 10, Sandhurst House, Wolsey Street, London, E1 3BD",E1 3BD,1.0,2.0,2.0,Leasehold,422000.0
248,"Flat 33, Colverson House, Lindley Street, London, E1 3BH",E1 3BH,1.0,1.0,1.0,Leasehold,298000.0
249,"Flat 4, Beckett House, Jubilee Street, London, E1 3BN",E1 3BN,1.0,1.0,1.0,Leasehold,287000.0
250,"Flat 21, Armsby House, Stepney Way, London, E1 3BQ",E1 3BQ,1.0,2.0,1.0,Leasehold,354000.0
251,"Flat 3, Armsby House, Stepney Way, London, E1 3BQ",E1 3BQ,1.0,2.0,1.0,Leasehold,367000.0
252,"Flat 25, Welton House, Stepney Way, London, E1 3DP",E1 3DP,1.0,5.0,1.0,Leasehold,487000.0
253,"Flat 3, Harriott House, Jamaica Street, London, E1 3DT",E1 3DT,2.0,2.0,1.0,Leasehold,357000.0
254,"Flat 31, Harriott House, Jamaica Street, London, E1 3DT",E1 3DT,1.0,2.0,1.0,Leasehold,407000.0
255,"Flat 32, Harriott House, Jamaica Street, London, E1 3DT",E1 3DT,1.0,4.0,1.0,Leasehold,409000.0
256,"Flat 17, Athlone House, Sidney Street, London, E1 3EJ",E1 3EJ,1.0,1.0,1.0,Leasehold,291000.0
257,"Flat 18, Kerry House, Sidney Street, London, E1 3EL",E1 3EL,1.0,1.0,1.0,Leasehold,293000.0
258,"Flat 25, Kerry House, Sidney Street, London, E1 3EL",E1 3EL,1.0,1.0,1.0,Leasehold,298000.0
259,"Flat 13, Zion House, Jubilee Street, London, E1 3EN",E1 3EN,1.0,3.0,1.0,Leasehold,352000.0
260,"Flat 17, Zion House, Jubilee Street, London, E1 3EN",E1 3EN,1.0,3.0,1.0,Leasehold,392000.0
261,"Flat 24, Zion House, Jubilee Street, London, E1 3EN",E1 3EN,1.0,3.0,1.0,Leasehold,393000.0
262,"Flat 25, Anne Goodman House, Jubilee Street, London, E1 3ER",E1 3ER,1.0,1.0,1.0,Leasehold,322000.0
263,"Flat 33, Anne Goodman House, Jubilee Street, London, E1 3ER",E1 3ER,1.0,3.0,1.0,Leasehold,396000.0
264,"Flat 15, Sambrook House, Jubilee Street, London, E1 3HF",E1 3HF,1.0,3.0,1.0,Leasehold,425000.0
265,"Flat 30, Odette Duval House, Stepney Way, London, E1 3HJ",E1 3HJ,1.0,1.0,1.0,Leasehold,245000.0
266,"Flat 5, Le Moal House, Stepney Way, London, E1 3HQ",E1 3HQ,1.0,4.0,1.0,Leasehold,430000.0
267,"Flat 3, Paymal House, Stepney Way, London, E1 3HR",E1 3HR,1.0,3.0,1.0,Leasehold,428000.0
268,"Flat 45, Dagobert House, Smithy Street, London, E1 3HW",E1 3HW,1.0,2.0,1.0,Leasehold,355000.0
269,"Flat 11, Cressy Houses, Hannibal Road, London, E1 3JE",E1 3JE,1.0,3.0,1.0,Feudal,490000.0
270,"Flat 32, Cressy Houses, Hannibal Road, London, E1 3JE",E1 3JE,1.0,1.0,1.0,Leasehold,319000.0
271,"Flat 35, Cressy Houses, Hannibal Road, London, E1 3JE",E1 3JE,1.0,1.0,1.0,Leasehold,326000.0
272,"Flat 42, Cressy Houses, Hannibal Road, London, E1 3JE",E1 3JE,1.0,1.0,1.0,Leasehold,327000.0
273,"Flat 58, Dunstan Houses, Stepney Green, London, E1 3JH",E1 3JH,1.0,1.0,1.0,Leasehold,417000.0
274,"9 Roland Mews, London, E1 3JT",E1 3JT,1.0,2.0,1.0,Freehold,756000.0
275,"Flat 16, Milrood House, Stepney Green, London, E1 3LP",E1 3LP,1.0,3.0,1.0,Leasehold,449000.0
276,"Flat 49, Grove Dwellings, Adelina Grove, London, E1 3AE",E1 3AE,1.0,2.0,1.0,Leasehold,428000.0
277,"Flat 2A, Kerry House, Sidney Street, London, E1 3EL",E1 3EL,1.0,2.0,1.0,Leasehold,350000.0
278,"Flat 9, Blenheim Place, 114 Stepney Way, London, E1 3BG",E1 3BG,1.0,1.0,1.0,Leasehold,406000.0
279,"Flat 12, Blenheim Place, 114 Stepney Way, London, E1 3BG",E1 3BG,1.0,2.0,1.0,Leasehold,489000.0
280,"29 Stepney Green, London, E1 3JX",E1 3JX,3.0,5.0,2.0,Leasehold,1936000.0
281,"41 Morecambe Close, London, E1 4NH",E1 4NH,1.0,1.0,1.0,Leasehold,335000.0
282,"44 Morecambe Close, London, E1 4NH",E1 4NH,1.0,1.0,1.0,Leasehold,329000.0
283,"48 Morecambe Close, London, E1 4NH",E1 4NH,1.0,1.0,1.0,Leasehold,344000.0
284,"59 Morecambe Close, London, E1 4NH",E1 4NH,1.0,1.0,1.0,Leasehold,314000.0
285,"61 Morecambe Close, London, E1 4NH",E1 4NH,1.0,1.0,1.0,Leasehold,343000.0
286,"Flat 15, Galway House, White Horse Lane, London, E1 4LY",E1 4LY,1.0,2.0,1.0,Leasehold,387000.0
287,"Flat 22, Ansell House, Mile End Road, London, E1 4UU",E1 4UU,1.0,1.0,1.0,Feudal,314000.0
288,"Flat 24, Ansell House, Mile End Road, London, E1 4UX",E1 4UX,1.0,1.0,1.0,Leasehold,312000.0
289,"Flat 35, Ansell House, Mile End Road, London, E1 4UX",E1 4UX,1.0,1.0,1.0,Leasehold,319000.0
290,"Flat 70, Ansell House, Mile End Road, London, E1 4UX",E1 4UX,1.0,2.0,1.0,Leasehold,342000.0
291,"Flat 83, Ansell House, Mile End Road, London, E1 4UY",E1 4UY,1.0,3.0,1.0,Leasehold,423000.0
292,"62A Cephas Avenue, London, E1 4AR",E1 4AR,1.0,1.0,1.0,Leasehold,386000.0
293,"47A Cephas Avenue, London, E1 4AT",E1 4AT,1.0,1.0,2.0,Leasehold,422000.0
294,"31A Cephas Avenue, London, E1 4AT",E1 4AT,1.0,3.0,1.0,Leasehold,618000.0
295,"Flat 7, 200 Mile End Road, London, E1 4LD",E1 4LD,1.0,1.0,1.0,Leasehold,286000.0
296,"Flat 9, 200 Mile End Road, London, E1 4LD",E1 4LD,1.0,1.0,1.0,Leasehold,321000.0
297,"36 Cephas Avenue, London, E1 4AT",E1 4AT,2.0,4.0,2.0,Freehold,1128000.0
298,"37 Cephas Avenue, London, E1 4AT",E1 4AT,2.0,4.0,2.0,Freehold,1002000.0
299,"258 Bancroft Road, London, E1 4BS",E1 4BS,1.0,2.0,1.0,Freehold,970000.0
300,"10 Alderney Road, London, E1 4EG",E1 4EG,2.0,3.0,2.0,Freehold,1276000.0
301,"44 Portelet Road, London, E1 4EJ",E1 4EJ,1.0,2.0,2.0,Freehold,839000.0
302,"17 Portelet Road, London, E1 4EL",E1 4EL,1.0,3.0,2.0,Freehold,890000.0
303,"1 Argyle Road, London, E1 4EQ",E1 4EQ,1.0,3.0,1.0,Freehold,779000.0
304,"50 Harpley Square, London, E1 4ES",E1 4ES,1.0,4.0,1.0,Leasehold,475000.0
305,"56 Harpley Square, London, E1 4ES",E1 4ES,1.0,2.0,1.0,Leasehold,418000.0
306,"65 Harpley Square, London, E1 4ES",E1 4ES,1.0,3.0,1.0,Leasehold,417000.0
307,"79 Harpley Square, London, E1 4ES",E1 4ES,1.0,2.0,1.0,Leasehold,355000.0
308,"169 Bancroft Road, London, E1 4ET",E1 4ET,1.0,1.0,1.0,Leasehold,305000.0
309,"13 Wyllen Close, London, E1 4HQ",E1 4HQ,1.0,2.0,1.0,Leasehold,434000.0
310,"6 Rickman Street, London, E1 4JZ",E1 4JZ,1.0,3.0,1.0,Freehold,773000.0
311,"52 Ernest Street, London, E1 4LS",E1 4LS,1.0,3.0,1.0,Freehold,505000.0
312,"28 Shandy Street, London, E1 4LX",E1 4LX,1.0,4.0,1.0,Freehold,711000.0
313,"34 Shandy Street, London, E1 4LX",E1 4LX,1.0,3.0,1.0,Freehold,631000.0
314,"23 Louisa Street, London, E1 4NF",E1 4NF,1.0,2.0,2.0,Freehold,830000.0
315,"25 Cleveland Way, London, E1 4TZ",E1 4TZ,2.0,3.0,1.0,Leasehold,471000.0
316,"27 Cleveland Way, London, E1 4TZ",E1 4TZ,1.0,4.0,1.0,Leasehold,500000.0
317,"71 Cleveland Way, London, E1 4TZ",E1 4TZ,1.0,3.0,1.0,Leasehold,425000.0
318,"10 Bellevue Place, London, E1 4UG",E1 4UG,1.0,2.0,1.0,Freehold,1019000.0
319,"Flat 50, Withy House, Globe Road, London, E1 4AL",E1 4AL,1.0,2.0,1.0,Leasehold,319000.0
320,"Flat 79, Withy House, Globe Road, London, E1 4AL",E1 4AL,1.0,2.0,1.0,Leasehold,332000.0
321,"Flat 15, Osier Court, Osier Street, London, E1 4AP",E1 4AP,1.0,2.0,1.0,Leasehold,470000.0
322,"Flat 8, Osier Court, Osier Street, London, E1 4AP",E1 4AP,1.0,2.0,1.0,Leasehold,469000.0
323,"Flat 9, Osier Court, Osier Street, London, E1 4AP",E1 4AP,1.0,2.0,1.0,Leasehold,463000.0
324,"49 Coopers Close, London, E1 4BB",E1 4BB,1.0,1.0,1.0,Leasehold,338000.0
325,"13 Mile End Place, London, E1 4BH",E1 4BH,1.0,2.0,1.0,Freehold,869000.0
326,"4A Portelet Road, London, E1 4ER",E1 4ER,1.0,3.0,1.0,Leasehold,441000.0
327,"Flat 59, Gouldman House, Wyllen Close, London, E1 4HJ",E1 4HJ,1.0,2.0,1.0,Leasehold,299000.0
328,"Flat 16, Doveton House, Doveton Street, London, E1 4HL",E1 4HL,1.0,1.0,1.0,Leasehold,303000.0
329,"Flat 17, Braintree House, Malcolm Road, London, E1 4HN",E1 4HN,1.0,1.0,1.0,Leasehold,313000.0
330,"Flat 52, Braintree House, Malcolm Road, London, E1 4HN",E1 4HN,1.0,1.0,1.0,Leasehold,307000.0
331,"Flat 26, Redclyf House, Cephas Street, London, E1 4JD",E1 4JD,1.0,2.0,1.0,Leasehold,382000.0
332,"Flat 5, Colebert House, Colebert Avenue, London, E1 4JP",E1 4JP,1.0,4.0,1.0,Leasehold,438000.0
333,"Flat 21, Ryder House, Colebert Avenue, London, E1 4JQ",E1 4JQ,1.0,1.0,1.0,Leasehold,298000.0
334,"276 Mile End Road, London, E1 4LJ",E1 4LJ,1.0,1.0,1.0,Leasehold,355000.0
335,"127 White Horse Lane, London, E1 4LP",E1 4LP,1.0,3.0,1.0,Freehold,674000.0
336,"66 White Horse Lane, London, E1 4LR",E1 4LR,2.0,2.0,1.0,Freehold,656000.0
337,"Flat 8, Sligo House, Beaumont Grove, London, E1 4ND",E1 4ND,2.0,1.0,1.0,Leasehold,331000.0
338,"Flat 8, Palliser House, Ernest Street, London, E1 4RE",E1 4RE,1.0,2.0,1.0,Leasehold,344000.0
339,"Flat 14, Hawke House, Ernest Street, London, E1 4RF",E1 4RF,1.0,2.0,1.0,Leasehold,341000.0
340,"Flat 45, 200 Mile End Road, London, E1 4LD",E1 4LD,1.0,2.0,1.0,Leasehold,368000.0
341,"Flat 2, Gable End House, 16 Cleveland Way, London, E1 4TU",E1 4TU,1.0,1.0,1.0,Leasehold,307000.0
342,"Flat 7, Queens Terrace, Cephas Street, London, E1 4UE",E1 4UE,2.0,4.0,1.0,Freehold,731000.0
343,"Flat 4, 28 Cleveland Way, London, E1 4UF",E1 4UF,1.0,1.0,1.0,Leasehold,349000.0
344,"5 Lamplighter Close, London, E1 4UZ",E1 4UZ,1.0,2.0,1.0,Freehold,602000.0
345,"Flat 4, Cromwell Lodge, 1 Cleveland Grove, London, E1 4XG",E1 4XG,1.0,1.0,1.0,Leasehold,334000.0
346,"Flat 18, 99 Mile End Road, London, E1 4UH",E1 4UH,2.0,3.0,1.0,Leasehold,483000.0
347,"Flat 4, Barber Beaumont House, 201 Bancroft Road, London, E1 4DE",E1 4DE,1.0,1.0,1.0,Leasehold,385000.0
348,"15 Gibson Close, London, E1 4JT",E1 4JT,1.0,1.0,1.0,Leasehold,281000.0
349,"6 Cleveland Grove, London, E1 4XL",E1 4XL,2.0,4.0,1.0,Leasehold,660000.0
350,"Flat 4, Montgomery Lodge, 3 Cleveland Grove, London, E1 4XQ",E1 4XQ,1.0,1.0,1.0,Leasehold,342000.0
351,"Flat 9, Montgomery Lodge, 3 Cleveland Grove, London, E1 4XQ",E1 4XQ,1.0,1.0,1.0,Leasehold,355000.0
352,"124 Cambridge Heath Road, London, E1 5QJ",E1 5QJ,1.0,3.0,1.0,Leasehold,423000.0
353,"Flat 39, Troon House, White Horse Road, London, E1 0NF",E1 0NF,1.0,2.0,1.0,Leasehold,363000.0
354,"Flat 48, Troon House, White Horse Road, London, E1 0NF",E1 0NF,1.0,2.0,1.0,Leasehold,370000.0
355,"Flat 19, Pevensey House, Ben Jonson Road, London, E1 3NJ",E1 3NJ,1.0,3.0,1.0,Leasehold,405000.0
356,"1 Union Drive, London, E1 4PG",E1 4PG,1.0,5.0,1.0,Freehold,761000.0
357,"7 Union Drive, London, E1 4PG",E1 4PG,3.0,4.0,1.0,Freehold,668000.0
358,"Flat 19, James House, Solebay Street, London, E1 4PP",E1 4PP,1.0,1.0,1.0,Leasehold,327000.0
359,"Flat 17, Anson House, Shandy Street, London, E1 4SR",E1 4SR,2.0,1.0,1.0,Leasehold,312000.0
360,"Flat 12, Formosa House, Ernest Street, London, E1 4RG",E1 4RG,1.0,3.0,1.0,Leasehold,392000.0
361,"17 Royal Mint Street, London, E1 8LG",E1 8LG,1.0,1.0,1.0,Leasehold,386000.0
362,"Flat 49, St Mary Graces Court, Cartwright Street, London, E1 8NB",E1 8NB,1.0,2.0,1.0,Leasehold,447000.0
363,"Flat 3, 10 Masters Street, London, E1 3NW",E1 3NW,1.0,1.0,1.0,Leasehold,372000.0
364,"14 Sheba Place, London, E1 6SJ",E1 6SJ,1.0,1.0,1.0,Leasehold,256000.0
365,"35B Argyle Road, London, E1 4EQ",E1 4EQ,1.0,1.0,1.0,Leasehold,406000.0
366,"1A Tollet Street, London, E1 4EE",E1 4EE,1.0,1.0,1.0,Leasehold,510000.0
367,"Flat 24, Chandlery House, 40 Gowers Walk, London, E1 8BH",E1 8BH,1.0,2.0,1.0,Leasehold,574000.0
368,"Flat 35, Chandlery House, 40 Gowers Walk, London, E1 8BH",E1 8BH,1.0,2.0,1.0,Leasehold,599000.0
369,"Flat 37, Chandlery House, 40 Gowers Walk, London, E1 8BH",E1 8BH,1.0,1.0,1.0,Leasehold,614000.0
370,"1 Victoria Yard, Fairclough Street, London, E1 1PP",E1 1PP,2.0,3.0,1.0,Freehold,1209000.0
371,"Flat 10, Albany Court, 18 Plumbers Row, London, E1 1EP",E1 1EP,1.0,1.0,1.0,Leasehold,518000.0
372,"Flat 3, 27 Ford Square, London, E1 2HS",E1 2HS,1.0,1.0,1.0,Leasehold,520000.0
373,"191 Jubilee Street, London, E1 3AT",E1 3AT,2.0,4.0,2.0,Freehold,1109000.0
374,"53A Arbour Square, London, E1 0PS",E1 0PS,1.0,1.0,1.0,Leasehold,331000.0
375,"Flat 3, 8 Fleur de Lis Street, London, E1 6BP",E1 6BP,1.0,2.0,1.0,Leasehold,857000.0
376,"Flat 6, 8 Fleur de Lis Street, London, E1 6BP",E1 6BP,1.0,1.0,1.0,Leasehold,769000.0
377,"Flat 7, 101 Sclater Street, London, E1 6HR",E1 6HR,1.0,1.0,1.0,Leasehold,509000.0
378,"Flat 8, 23 Wheler Street, London, E1 6NR",E1 6NR,1.0,2.0,1.0,Leasehold,695000.0
379,"29 Mile End Place, London, E1 4BH",E1 4BH,1.0,2.0,1.0,Freehold,804000.0
380,"Flat 3, 38 Commercial Street, London, E1 6LP",E1 6LP,2.0,2.0,1.0,Leasehold,621000.0
381,"1 Allport Mews, London, E1 3JS",E1 3JS,1.0,2.0,1.0,Leasehold,823000.0
382,"Flat 4, 7 Boyd Street, London, E1 1NE",E1 1NE,1.0,2.0,1.0,Leasehold,769000.0
383,"Flat 4, 228 Cable Street, London, E1 0DR",E1 0DR,1.0,2.0,1.0,Leasehold,545000.0
384,"Flat 13, Stepney City Apartments, 49 Clark Street, London, E1 3HS",E1 3HS,1.0,1.0,1.0,Leasehold,448000.0
385,"Flat 25, Stepney City Apartments, 49 Clark Street, London, E1 3HS",E1 3HS,1.0,1.0,1.0,Leasehold,431000.0
386,"Flat 47, Stepney City Apartments, 49 Clark Street, London, E1 3HS",E1 3HS,2.0,2.0,1.0,Leasehold,648000.0
387,"Flat 50, Stepney City Apartments, 49 Clark Street, London, E1 3HS",E1 3HS,2.0,2.0,1.0,Leasehold,703000.0
388,"Flat 73, Stepney City Apartments, 49 Clark Street, London, E1 3HS",E1 3HS,2.0,2.0,1.0,Leasehold,825000.0
389,"Flat 301, Cornell Building, 1 Coke Street, London, E1 1ER",E1 1ER,2.0,2.0,1.0,Leasehold,600000.0
390,"Flat 309, Cornell Building, 1 Coke Street, London, E1 1ER",E1 1ER,1.0,2.0,1.0,Leasehold,583000.0
391,"Flat 401, Cornell Building, 1 Coke Street, London, E1 1ER",E1 1ER,2.0,2.0,1.0,Leasehold,596000.0
392,"Flat 404, Cornell Building, 1 Coke Street, London, E1 1ER",E1 1ER,1.0,1.0,1.0,Leasehold,486000.0
393,"Flat 408, Cornell Building, 1 Coke Street, London, E1 1ER",E1 1ER,2.0,2.0,1.0,Leasehold,559000.0
394,"Flat 106, Dryden Building, 37 Commercial Road, London, E1 1LF",E1 1LF,2.0,2.0,1.0,Leasehold,547000.0
395,"Flat 310, Dryden Building, 37 Commercial Road, London, E1 1LF",E1 1LF,1.0,1.0,1.0,Leasehold,479000.0
396,"Flat 404, Dryden Building, 37 Commercial Road, London, E1 1LF",E1 1LF,2.0,2.0,1.0,Leasehold,572000.0
397,"Flat 505, Dryden Building, 37 Commercial Road, London, E1 1LF",E1 1LF,1.0,1.0,1.0,Leasehold,441000.0
398,"Flat 508, Dryden Building, 37 Commercial Road, London, E1 1LF",E1 1LF,1.0,1.0,1.0,Leasehold,552000.0
399,"Flat 704, Dryden Building, 37 Commercial Road, London, E1 1LF",E1 1LF,1.0,1.0,1.0,Leasehold,540000.0
400,"Apartment 12A, Skyline Plaza Building, 80 Commercial Road, London, E1 1NY",E1 1NY,1.0,2.0,1.0,Leasehold,452000.0
401,"Flat 4, Tannery House, 6 Deal Street, London, E1 5AG",E1 5AG,2.0,2.0,1.0,Leasehold,856000.0
402,"Flat 9, Tannery House, 6 Deal Street, London, E1 5AG",E1 5AG,1.0,2.0,1.0,Leasehold,717000.0
403,"89 Durward Street, London, E1 5BZ",E1 5BZ,2.0,2.0,1.0,Freehold,846000.0
404,"Flat 15, Onedin Point, 22 Ensign Street, London, E1 8JT",E1 8JT,2.0,2.0,1.0,Leasehold,631000.0
405,"Flat 17, Onedin Point, 22 Ensign Street, London, E1 8JT",E1 8JT,1.0,2.0,1.0,Leasehold,573000.0
406,"Flat 2, Onedin Point, 22 Ensign Street, London, E1 8JT",E1 8JT,2.0,2.0,1.0,Leasehold,781000.0
407,"Apartment 18, 12 Fairclough Street, London, E1 1PT",E1 1PT,2.0,3.0,1.0,Leasehold,749000.0
408,"Apartment 9, 12 Fairclough Street, London, E1 1PT",E1 1PT,2.0,2.0,1.0,Leasehold,752000.0
409,"100 Jamaica Street, London, E1 3HY",E1 3HY,2.0,4.0,2.0,Freehold,869000.0
410,"96 Jamaica Street, London, E1 3HY",E1 3HY,2.0,4.0,1.0,Freehold,828000.0
411,"Flat 17, Londinium Tower, 87 Mansell Street, London, E1 8AP",E1 8AP,1.0,1.0,1.0,Leasehold,483000.0
412,"Flat 46, Londinium Tower, 87 Mansell Street, London, E1 8AP",E1 8AP,2.0,2.0,1.0,Leasehold,637000.0
413,"Flat 7, Londinium Tower, 87 Mansell Street, London, E1 8AP",E1 8AP,1.0,1.0,1.0,Leasehold,498000.0
414,"Flat 23, 21 Mile End Road, London, E1 4TL",E1 4TL,1.0,2.0,1.0,Leasehold,441000.0
415,"Flat 72, 25 Mile End Road, London, E1 4TW",E1 4TW,2.0,2.0,2.0,Leasehold,736000.0
416,"Flat 13, 71 Old Montague Street, London, E1 5NL",E1 5NL,1.0,2.0,1.0,Leasehold,570000.0
417,"Flat 4, Jackson and Joseph Building, 8 Princelet Street, London, E1 6QJ",E1 6QJ,2.0,2.0,2.0,Leasehold,1919000.0
418,"Flat 5, Jackson and Joseph Building, 8 Princelet Street, London, E1 6QJ",E1 6QJ,2.0,2.0,1.0,Leasehold,1810000.0
419,"Flat 3, 4 Spital Square, London, E1 6DU",E1 6DU,2.0,3.0,1.0,Leasehold,1118000.0
420,"Flat 11, 5 Strype Street, London, E1 7LG",E1 7LG,1.0,1.0,1.0,Leasehold,494000.0
421,"Flat 6, Lecture Hall, 283 Whitechapel Road, London, E1 1BY",E1 1BY,2.0,2.0,1.0,Leasehold,442000.0
422,"Flat 2, 28 Cannon Street Road, London, E1 0BH",E1 0BH,1.0,1.0,1.0,Leasehold,397000.0
423,"64A Settles Street, London, E1 1JP",E1 1JP,1.0,4.0,1.0,Leasehold,677000.0
424,"Flat 5, 300 Commercial Road, London, E1 2PY",E1 2PY,1.0,2.0,1.0,Leasehold,477000.0
425,"Flat 2, 73 Brick Lane, London, E1 6QL",E1 6QL,1.0,1.0,1.0,Leasehold,503000.0
426,"Flat 3, 198 Cable Street, London, E1 0BL",E1 0BL,2.0,2.0,1.0,Leasehold,520000.0
427,"Flat 4, 50A Cephas Avenue, London, E1 4AR",E1 4AR,1.0,3.0,1.0,Leasehold,590000.0
428,"Flat 2, Lecture Hall, 283 Whitechapel Road, London, E1 1BY",E1 1BY,1.0,1.0,1.0,Leasehold,485000.0
429,"1 Sidney Square, London, E1 2EY",E1 2EY,1.0,3.0,2.0,Freehold,1117000.0
430,"Flat 2, 14 Casson Street, London, E1 5LA",E1 5LA,2.0,2.0,1.0,Leasehold,712000.0
431,"Flat 5, 2B Heneage Street, London, E1 5LJ",E1 5LJ,2.0,2.0,1.0,Leasehold,1622000.0
432,"Flat 9, 22 Wheler Street, London, E1 6NP",E1 6NP,2.0,2.0,1.0,Leasehold,891000.0
433,"Flat 509, Naylor Building, 1 Assam Street, London, E1 7QL",E1 7QL,2.0,2.0,1.0,Leasehold,769000.0
434,"Flat 66, Chandlery House, 40 Gowers Walk, London, E1 8BH",E1 8BH,2.0,2.0,1.0,Leasehold,752000.0
435,"Flat 2, 157 Commercial Street, London, E1 6BJ",E1 6BJ,2.0,1.0,2.0,Leasehold,782000.0
436,"Flat 29, Eagle Works West, 56 Quaker Street, London, E1 6ST",E1 6ST,1.0,2.0,1.0,Leasehold,596000.0
437,"Flat 10, Hudson Building, 11 Chicksand Street, London, E1 5LD",E1 5LD,2.0,2.0,1.0,Leasehold,528000.0
438,"Flat 11, 22 Wheler Street, London, E1 6NP",E1 6NP,2.0,2.0,1.0,Leasehold,1314000.0
439,"Flat 3, 16 Selby Street, London, E1 5BX",E1 5BX,1.0,1.0,1.0,Freehold,406000.0
440,"Flat 4, 16 Selby Street, London, E1 5BX",E1 5BX,1.0,2.0,1.0,Leasehold,429000.0
441,"41 Turner Street, London, E1 2AU",E1 2AU,3.0,3.0,2.0,Freehold,1280000.0
442,"Flats 5, 17 Dock Street, London, E1 8LJ",E1 8LJ,1.0,2.0,1.0,Leasehold,486000.0
443,"Flat 3, 110 Brick Lane, London, E1 6RL",E1 6RL,2.0,2.0,1.0,Leasehold,751000.0
444,"Flat 23, 121 New Road, London, E1 1AL",E1 1AL,1.0,1.0,1.0,Leasehold,278000.0
445,"Flats 4, Vibeca Apartments, 7 Chicksand Street, London, E1 5LD",E1 5LD,1.0,1.0,1.0,Freehold,440000.0
446,"Flat 3, Eastone Apartments, 10 Lolesworth Close, London, E1 6LN",E1 6LN,1.0,1.0,1.0,Leasehold,548000.0
447,"Flat 6, Eastone Apartments, 10 Lolesworth Close, London, E1 6LN",E1 6LN,1.0,1.0,1.0,Leasehold,525000.0
448,"Flat 3, 53A Fashion Street, London, E1 6PX",E1 6PX,1.0,1.0,1.0,Leasehold,514000.0
449,"Flat 11, Whittington Apartments, 46 East Arbour Street, London, E1 0EP",E1 0EP,2.0,2.0,1.0,Leasehold,553000.0
450,"Flat 14, Whittington Apartments, 46 East Arbour Street, London, E1 0EP",E1 0EP,2.0,2.0,1.0,Leasehold,614000.0
451,"Flat 4, Johnny Andrews House, 3A Boulcott Street, London, E1 0HR",E1 0HR,2.0,3.0,1.0,Leasehold,508000.0
452,"Flat 5, Bookbinders Court, 61 Cudworth Street, London, E1 5QU",E1 5QU,1.0,3.0,1.0,Leasehold,528000.0
453,"Flat 8, Tate Apartments, 3 Sly Street, London, E1 2BE",E1 2BE,2.0,2.0,1.0,Leasehold,623000.0
454,"372 Bancroft Road, London, E1 4BU",E1 4BU,1.0,2.0,1.0,Leasehold,769000.0
455,"380 Bancroft Road, London, E1 4BU",E1 4BU,2.0,3.0,2.0,Freehold,1017000.0
456,"Flat 2, Montego Court, 48 Myrdle Street, London, E1 1HL",E1 1HL,1.0,2.0,1.0,Feudal,580000.0
457,"11 Redmans Road, London, E1 3AQ",E1 3AQ,2.0,2.0,1.0,Leasehold,491000.0
458,"Flat 5, 15 Redmans Road, London, E1 3AQ",E1 3AQ,1.0,1.0,1.0,Leasehold,396000.0
459,"Flat 3, 6 Trinity Mews, London, E1 3BT",E1 3BT,3.0,3.0,1.0,Leasehold,613000.0
460,"41B Brick Lane, London, E1 6PU",E1 6PU,1.0,2.0,1.0,Leasehold,482000.0
461,"Flat 21, Mulberry Court, 1 School Mews, London, E1 0EW",E1 0EW,2.0,2.0,1.0,Leasehold,772000.0
462,"Flat 103, Wilson Tower, 16 Christian Street, London, E1 1AW",E1 1AW,1.0,2.0,1.0,Leasehold,485000.0
463,"Flat 408, Wilson Tower, 16 Christian Street, London, E1 1AW",E1 1AW,2.0,2.0,1.0,Leasehold,501000.0
464,"Flat 1202, Wilson Tower, 16 Christian Street, London, E1 1AW",E1 1AW,2.0,3.0,1.0,Leasehold,666000.0
465,"Flat G06, Hodgeson House, 26 Christian Street, London, E1 1AY",E1 1AY,1.0,1.0,1.0,Leasehold,383000.0
466,"Flat G09, Hodgeson House, 26 Christian Street, London, E1 1AY",E1 1AY,2.0,3.0,1.0,Leasehold,580000.0
467,"Flat 201, Hodgeson House, 26 Christian Street, London, E1 1AY",E1 1AY,1.0,1.0,1.0,Leasehold,384000.0
468,"Flat 202, Hodgeson House, 26 Christian Street, London, E1 1AY",E1 1AY,1.0,1.0,1.0,Leasehold,381000.0
469,"Flat 301, Hodgeson House, 26 Christian Street, London, E1 1AY",E1 1AY,1.0,1.0,1.0,Leasehold,383000.0
470,"Flat 604, Harrison House, 1 Martineau Square, London, E1 1BF",E1 1BF,2.0,3.0,1.0,Leasehold,606000.0
471,"Flat 3, Tower Mint Apartments, 84 John Fisher Street, London, E1 8JX",E1 8JX,2.0,2.0,1.0,Leasehold,501000.0
472,"Flat 91, Kelday Heights, 2 Spencer Way, London, E1 2PW",E1 2PW,1.0,1.0,1.0,Leasehold,344000.0
473,"Apartment 802, Altitude Point, 71 Alie Street, London, E1 8NF",E1 8NF,2.0,2.0,1.0,Leasehold,740000.0
474,"Apartment 806, Altitude Point, 71 Alie Street, London, E1 8NF",E1 8NF,2.0,2.0,1.0,Leasehold,711000.0
475,"Apartment 903, Altitude Point, 71 Alie Street, London, E1 8NF",E1 8NF,2.0,2.0,1.0,Leasehold,850000.0
476,"Apartment 910, Altitude Point, 71 Alie Street, London, E1 8NF",E1 8NF,1.0,1.0,1.0,Leasehold,739000.0
477,"Apartment 1208, Altitude Point, 71 Alie Street, London, E1 8NF",E1 8NF,1.0,1.0,1.0,Leasehold,676000.0
478,"Apartment 1601, Altitude Point, 71 Alie Street, London, E1 8NF",E1 8NF,2.0,2.0,1.0,Leasehold,831000.0
479,"Apartment 1902, Altitude Point, 71 Alie Street, London, E1 8NG",E1 8NG,1.0,1.0,1.0,Leasehold,683000.0
480,"Apartment 1909, Altitude Point, 71 Alie Street, London, E1 8NG",E1 8NG,1.0,1.0,1.0,Leasehold,593000.0
481,"Apartment 2001, Altitude Point, 71 Alie Street, London, E1 8NG",E1 8NG,2.0,2.0,1.0,Leasehold,806000.0
482,"Apartment 2103, Altitude Point, 71 Alie Street, London, E1 8NG",E1 8NG,2.0,2.0,1.0,Leasehold,955000.0
483,"Apartment 2105, Altitude Point, 71 Alie Street, London, E1 8NG",E1 8NG,1.0,1.0,1.0,Leasehold,697000.0
484,"Apartment 2210, Altitude Point, 71 Alie Street, London, E1 8NG",E1 8NG,1.0,1.0,1.0,Leasehold,690000.0
485,"Apartment 602, Goldpence Apartments, 9 Buckle Street, London, E1 8NJ",E1 8NJ,2.0,3.0,1.0,Leasehold,264000.0
486,"3 Loft House, 46A Middlesex Street, London, E1 7EX",E1 7EX,2.0,2.0,1.0,Leasehold,774000.0
487,"6 Loft House, 46A Middlesex Street, London, E1 7EX",E1 7EX,2.0,3.0,1.0,Leasehold,891000.0
488,"Flat 15, Chi Building, 54 Crowder Street, London, E1 0EZ",E1 0EZ,2.0,2.0,1.0,Leasehold,541000.0
489,"Flat 6, Orchid Apartments, 57 Crowder Street, London, E1 0EZ",E1 0EZ,2.0,2.0,1.0,Leasehold,591000.0
490,"Flat 5, Richard Neale House, Cornwall Street, London, E1 2QW",E1 2QW,1.0,1.0,1.0,Leasehold,280000.0
491,"Flat 102, Colefax Building, 23 Plumbers Row, London, E1 1EQ",E1 1EQ,2.0,2.0,1.0,Leasehold,683000.0
492,"Apartment 3, Sterling Mansions, 75 Leman Street, London, E1 8EY",E1 8EY,2.0,2.0,1.0,Leasehold,1258000.0
493,"Apartment 6, Sterling Mansions, 75 Leman Street, London, E1 8EY",E1 8EY,2.0,2.0,1.0,Leasehold,1443000.0
494,"Apartment 36, Sterling Mansions, 75 Leman Street, London, E1 8EY",E1 8EY,2.0,2.0,1.0,Leasehold,915000.0
495,"Apartment 37, Avantgarde Tower, 1 Avantgarde Place, London, E1 6GR",E1 6GR,1.0,1.0,1.0,Leasehold,565000.0
496,"Apartment 49, Avantgarde Tower, 1 Avantgarde Place, London, E1 6GR",E1 6GR,2.0,2.0,1.0,Leasehold,755000.0
497,"Apartment 54, Avantgarde Tower, 1 Avantgarde Place, London, E1 6GR",E1 6GR,2.0,2.0,1.0,Leasehold,879000.0
498,"Apartment 60, Avantgarde Tower, 1 Avantgarde Place, London, E1 6GR",E1 6GR,1.0,2.0,1.0,Leasehold,601000.0
499,"Apartment 61, Avantgarde Tower, 1 Avantgarde Place, London, E1 6GR",E1 6GR,1.0,1.0,1.0,Leasehold,574000.0
